t,a,v,r
0.0,1.4635714285714285,0.0,10.0
0.01,1.4635811142893067,0.014635762714303677,10.000073178571428
0.02,1.4636101717060803,0.02927171914428061,10.000292715254286
0.03,1.4636586016111293,0.04390806301086666,10.000658612954313
0.04,1.4637264053199637,0.05854498804552213,10.001170876514502
0.05,1.463813584674039,0.07318268799549214,10.001829512715224
0.060000000000000005,1.4639201420404973,0.08782135662906483,10.002634530274412
0.07,1.4640460803118367,0.1024611877408265,10.003585939847804
0.08,1.4641914029055043,0.11710237515691321,10.004683754029228
0.09,1.4643561137634185,0.13174511274025782,10.005927987350942
0.09999999999999999,1.4645402173514173,0.146389594395832,10.007318656284033
0.10999999999999999,1.464743718658635,0.16103601407588225,10.008855779238859
0.11999999999999998,1.464966623196806,0.17568456578515945,10.010539376565552
0.12999999999999998,1.4652089369994952,0.19033544358614096,10.012369470554564
0.13999999999999999,1.465470666621262,0.20498884160424474,10.014346085437275
0.15,1.4657518191367471,0.2196449540330348,10.016469247386649
0.16,1.4660524021396941,0.234303975139417,10.018738984517936
0.17,1.4663724237418978,0.24896609926882496,10.021155326889438
0.18000000000000002,1.4667118925720863,0.2636315208503949,10.023718306503314
0.19000000000000003,1.4670708177747322,0.278300434402129,10.026427957306446
0.20000000000000004,1.467449209008797,0.2929730345360466,10.029284315191356
0.21000000000000005,1.4678470764464082,0.30764951596332263,10.032287417997168
0.22000000000000006,1.4682644307714705,0.322330073499412,10.035437305510623
0.23000000000000007,1.4687012831782111,0.3370149020691604,10.038734019467157
0.24000000000000007,1.4691576453696595,0.3517041967118998,10.042177603552007
0.25000000000000006,1.4696335295560639,0.3663981525865284,10.045768103401393
0.26000000000000006,1.4701289484532465,0.38109696497657497,10.049505566603735
0.2700000000000001,1.4706439152808943,0.3958008292952457,10.053390042700924
0.2800000000000001,1.4711784437607882,0.4105099410904541,10.05742158318964
0.2900000000000001,1.471732548114975,0.4252244960498329,10.061600241522733
0.3000000000000001,1.4723062430638794,0.4399446900057272,10.065926073110637
0.3100000000000001,1.4728995438243557,0.4546707189401684,10.070399135322848
0.3200000000000001,1.4735124661076855,0.46940277898982863,10.075019487489442
0.3300000000000001,1.4741450261175184,0.48414106645095467,10.079787190902646
0.34000000000000014,1.4747972405477578,0.49888577778428106,10.08470230881846
0.35000000000000014,1.4754691265803954,0.5136371096199218,10.089764906458331
0.36000000000000015,1.4761607018832883,0.5283952587622402,10.09497505101086
0.37000000000000016,1.4768719846078928,0.5431604221946962,10.100332811633574
0.38000000000000017,1.4776029933869408,0.5579327970846704,10.105838259454751
0.3900000000000002,1.4783537473320736,0.5727125807882655,10.111491467575267
0.4000000000000002,1.479124266031425,0.587499970855083,10.117292511070517
0.4100000000000002,1.4799145695471598,0.6022951650329759,10.123241466992368
0.4200000000000002,1.4807246784129684,0.6170983612727765,10.129338414371176
0.4300000000000002,1.4815546136315167,0.631909757732999,10.135583434217825
0.4400000000000002,1.4824043966718572,0.6467295527845158,10.141976609525837
0.45000000000000023,1.483274049466795,0.661557945015209,10.148518025273516
0.46000000000000024,1.4841635944102205,0.6763951332345941,10.155207768426141
0.47000000000000025,1.4850730543544002,0.6912413164784172,10.162045927938207
0.48000000000000026,1.486002452607234,0.7060966940132254,10.16903259475571
0.49000000000000027,1.4869518129294768,0.720961465340909,10.176167861818472
0.5000000000000002,1.4879211595319275,0.735835830203216,10.183451824062526
0.5100000000000002,1.4889105170725865,0.7507199885862386,10.190884578422535
0.5200000000000002,1.489919910653783,0.7656141407248704,10.198466223834252
0.5300000000000002,1.4909493658192723,0.7805184871072357,10.206196861237034
0.5400000000000003,1.4919989085513095,0.7954332284790886,10.214076593576397
0.5500000000000003,1.493068565267695,0.8103585658481837,10.222105525806617
0.5600000000000003,1.4941583628187955,0.8252947004886161,10.230283764893363
0.5700000000000003,1.4952683284845445,0.8402418339451327,10.23861141981639
0.5800000000000003,1.4963984899714218,0.8552001680374126,10.247088601572267
0.5900000000000003,1.4975488754094106,0.8701699048643168,10.25571542317714
0.6000000000000003,1.4987195133489422,0.8851512468081085,10.264491999669554
0.6100000000000003,1.4999104327578188,0.9001443965386423,10.273418448113302
0.6200000000000003,1.5011216630181248,0.915149557017522,10.282494887600327
0.6300000000000003,1.502353233923124,0.9301669315022282,10.291721439253653
0.6400000000000003,1.5036051756741466,0.9451967235502146,10.301098226230371
0.6500000000000004,1.5048775188774635,0.9602391370229726,10.310625373724656
0.6600000000000004,1.5061702945411533,0.9752943760900656,10.32030300897083
0.6700000000000004,1.5074835340719637,0.9903626452331312,10.330131261246459
0.6800000000000004,1.5088172692721646,1.0054441492498518,10.340110261875493
0.6900000000000004,1.5101715323363998,1.0205390932578946,10.350240144231455
0.7000000000000004,1.5115463558485356,1.0356476826988192,10.36052104374065
0.7100000000000004,1.5129417727785064,1.0507701233419544,10.370953097885431
0.7200000000000004,1.5143578164791638,1.0659066212882427,10.381536446207491
0.7300000000000004,1.5157945206831267,1.0810573829740542,10.392271230311199
0.7400000000000004,1.5172519194996328,1.0962226151749679,10.403157593866974
0.7500000000000004,1.5187300474113996,1.111402525009523,10.414195682614698
0.7600000000000005,1.520228939271487,1.1265973199429373,10.425385644367163
0.7700000000000005,1.5217486303001713,1.1418072077907957,10.436727629013557
0.7800000000000005,1.5232891560818258,1.1570323967227056,10.448221788522979
0.7900000000000005,1.5248505525618146,1.172273095265924,10.45986827694801
0.8000000000000005,1.526432856043397,1.18752951230895,10.471667250428297
0.8100000000000005,1.5280361031846452,1.2028018571050902,10.48361886719419
0.8200000000000005,1.5296603309953771,1.2180903392759903,10.495723287570401
0.8300000000000005,1.531305576834106,1.2333951688151377,10.507980673979711
0.8400000000000005,1.532971878405007,1.2487165560913331,10.520391190946706
0.8500000000000005,1.5346592737549019,1.2640547118521326,10.532955005101538
0.8600000000000005,1.5363678012702653,1.2794098472272584,10.545672285183747
0.8700000000000006,1.5380974996742505,1.294782173731981,10.558543202046083
0.8800000000000006,1.5398484080237393,1.3101719032704708,10.571567928658387
0.8900000000000006,1.5416205657064148,1.3255792481391215,10.584746640111494
0.9000000000000006,1.5434140124378586,1.3410044210298429,10.59807951362117
0.9100000000000006,1.5452287882586764,1.3564476350333254,10.611566728532091
0.9200000000000006,1.5470649335316475,1.371909103642277,10.625208466321839
0.9300000000000006,1.548922488938907,1.3873890407546299,10.639004910604939
0.9400000000000006,1.5508014954791516,1.4028876606767202,10.652956247136933
0.9500000000000006,1.5527019944648828,1.4184051781264404,10.667062663818474
0.9600000000000006,1.5546240275196759,1.4339418082363633,10.68132435069946
0.9700000000000006,1.556567636575486,1.4494977665568392,10.6957414999832
0.9800000000000006,1.5585328638699842,1.4650732690590664,10.710314306030597
0.9900000000000007,1.5605197519439307,1.480668532138136,10.72504296536438
1.0000000000000007,1.5625283436385822,1.4962837726160487,10.739927676673359
1.0100000000000007,1.5645586820931372,1.5119192077447072,10.754968640816703
1.0200000000000007,1.566610810742217,1.527575055208884,10.770166060828254
1.0300000000000007,1.5686847733133862,1.543251533129162,10.78552014192088
1.0400000000000007,1.5707806138247113,1.5589488600648527,10.801031091490836
1.0500000000000007,1.572898376582361,1.574667255016888,10.816699119122175
1.0600000000000007,1.5750381061782444,1.590406937430691,10.832524436591173
1.0700000000000007,1.5771998474876932,1.6061681271990207,10.848507257870788
1.0800000000000007,1.5793836456671853,1.6219510446647951,10.864647799135152
1.0900000000000007,1.5815895461521092,1.6377559106238917,10.880946278764084
1.1000000000000008,1.5838175946545772,1.653582946327925,10.89740291734763
1.1100000000000008,1.5860678371612753,1.6694323734870042,10.914017937690643
1.1200000000000008,1.5883403199313657,1.6853044142724674,10.93079156481737
1.1300000000000008,1.5906350894944288,1.7011992913195964,10.947724025976092
1.1400000000000008,1.5929521926484542,1.7171172277303108,10.964815550643761
1.1500000000000008,1.595291676457878,1.7330584470758426,10.982066370530697
1.1600000000000008,1.5976535882516654,1.7490231733993902,10.99947671958528
1.1700000000000008,1.6000379756214418,1.7650116312187558,11.017046833998686
1.1800000000000008,1.602444886419674,1.7810240455289614,11.034776952209654
1.1900000000000008,1.6048743687578957,1.7970606418048494,11.052667314909266
1.2000000000000008,1.607326471004984,1.8131216460036637,11.070718165045752
1.2100000000000009,1.6098012417854863,1.829207284567616,11.088929747829338
1.2200000000000009,1.6122987299779943,1.8453177844264332,11.107302310737104
1.2300000000000009,1.6148189847135679,1.861453372999891,11.125836103517868
1.2400000000000009,1.6173620553742118,1.87761427820033,11.144531378197101
1.2500000000000009,1.6199279915913998,1.8938007284351581,11.163388389081874
1.260000000000001,1.6225168432446497,1.9100129526093383,11.182407392765805
1.270000000000001,1.6251286604601514,1.9262511801278623,11.20158864813406
1.280000000000001,1.627763493609443,1.9425156408982103,11.22093241636836
1.290000000000001,1.6304213933081417,1.9588065653327982,11.240438960952021
1.300000000000001,1.6331024104147216,1.9751241843514125,11.260108547675015
1.310000000000001,1.6358065960293449,1.9914687293836328,11.27994144463905
1.320000000000001,1.6385340014927465,2.007840432371243,11.299937922262687
1.330000000000001,1.6412846783851678,2.0242395257706325,11.320098253286474
1.340000000000001,1.6440586785253417,2.040666242555185,11.3404227127781
1.350000000000001,1.6468560539695314,2.0571208162176595,11.360911578137578
1.360000000000001,1.6496768570106182,2.0736034807725603,11.381565129102453
1.370000000000001,1.6525211401772442,2.0901144707584995,11.40238364775303
1.380000000000001,1.6553889562330022,2.106654021240551,11.423367418517625
1.390000000000001,1.6582803581756813,2.1232223678125943,11.444516728177842
1.400000000000001,1.6611953992365607,2.1398197465996556,11.465831865873877
1.410000000000001,1.6641341328797565,2.156446394260237,11.487313123109836
1.420000000000001,1.6670966128016191,2.173102547988644,11.508960793759083
1.430000000000001,1.67008289293018,2.1897884455173027,11.530775174069609
1.440000000000001,1.6730930274246536,2.206504325119077,11.552756562669428
1.450000000000001,1.6761270706749847,2.223250425609575,11.57490526057199
1.460000000000001,1.6791850773014478,2.240026986349457,11.597221571181619
1.470000000000001,1.6822671021542999,2.256834247246736,11.619705800298979
1.480000000000001,1.6853732003134774,2.2736724487590747,11.642358256126554
1.490000000000001,1.6885034270883474,2.2905418318960837,11.66517924927416
1.500000000000001,1.6916578380175067,2.307442638221613,11.688169092764477
1.5100000000000011,1.6948364888686276,2.3243751098560437,11.711328102038594
1.5200000000000011,1.6980394356383566,2.3413394894785786,11.734656594961598
1.5300000000000011,1.701266734552259,2.358336020329532,11.758154891828164
1.5400000000000011,1.7045184420648107,2.375364946212617,11.781823315368188
1.5500000000000012,1.70779461485944,2.3924265114972383,11.805662190752416
1.5600000000000012,1.7110953098486146,2.4095209611207786,11.829671845598131
1.5700000000000012,1.7144205841739764,2.4266485405908917,11.853852609974831
1.5800000000000012,1.7177704952065238,2.4438094959877943,11.878204816409948
1.5900000000000012,1.7211451005468383,2.4610040739665613,11.902728799894586
1.6000000000000012,1.7245444580253573,2.478232521759422,11.927424897889278
1.6100000000000012,1.7279686257026925,2.4954950871780626,11.952293450329773
1.6200000000000012,1.7314176618699937,2.512792018615926,11.977334799632839
1.6300000000000012,1.7348916250493547,2.5301235650505225,12.002549290702092
1.6400000000000012,1.7383905739942653,2.547489976045741,12.027937270933851
1.6500000000000012,1.741914567690106,2.5648915017541625,12.053499090223008
1.6600000000000013,1.7454636653546842,2.5823283929193863,12.079235100968933
1.6700000000000013,1.7490379264388163,2.599800900878354,12.105145658081396
1.6800000000000013,1.7526374106269462,2.617309277563683,12.131231118986502
1.6900000000000013,1.7562621778378105,2.6348537755060066,12.15749184363267
1.7000000000000013,1.7599122882251415,2.6524346478363214,12.183928194496621
1.7100000000000013,1.7635878021784113,2.670052148288339,12.210540536589395
1.7200000000000013,1.767288780323616,2.687706531200849,12.237329237462388
1.7300000000000013,1.7710152835240978,2.7053980515200875,12.264294667213413
1.7400000000000013,1.7747673728814075,2.7231269648021152,12.291437198492789
1.7500000000000013,1.7785451097362046,2.7408935272152033,12.318757206509455
1.7600000000000013,1.7823485556691938,2.75869799554223,12.346255069037094
1.7700000000000014,1.7861777725021002,2.7765406271830866,12.3739311664203
1.7800000000000014,1.7900328222986788,2.7944216801570905,12.401785881580757
1.7900000000000014,1.7939137673657635,2.8123414131054125,12.429819600023443
1.8000000000000014,1.7978206702543464,2.830300085293513,12.458032709842865
1.8100000000000014,1.8017535937606968,2.848297956613588,12.486425601729312
1.8200000000000014,1.8057126009275102,2.866335287587029,12.514998668975135
1.8300000000000014,1.8096977550450941,2.884412339366892,12.543752307481052
1.8400000000000014,1.813709119652584,2.9025293737403803,12.572686915762471
1.8500000000000014,1.817746758539194,2.920686653131339,12.601802894955856
1.8600000000000014,1.8218107357454985,2.9388844406027625,12.631100648825097
1.8700000000000014,1.8259011155647438,2.9571229998593136,12.660580583767912
1.8800000000000014,1.8300179625441921,2.975402595249858,12.690243108822283
1.8900000000000015,1.8341613414864952,2.9937234917700115,12.72008863567291
1.9000000000000015,1.838331317451097,3.0120859550646997,12.750117578657685
1.9100000000000015,1.842527955755665,3.0304902514307335,12.780330354774206
1.9200000000000015,1.8467513219775504,3.0489366478193998,12.810727383686302
1.9300000000000015,1.851001481955276,3.067425411839064,12.841309087730595
1.9400000000000015,1.8552785017900508,3.0859568117577902,12.872075891923082
1.9500000000000015,1.8595824478473113,3.104531116505977,12.903028223965748
1.9600000000000015,1.8639133867582898,3.123148595679005,12.934166514253201
1.9700000000000015,1.8682713854216044,3.1418095195399043,12.965491195879329
1.9800000000000015,1.8726565110048794,3.160514159022037,12.997002704643998
1.9900000000000015,1.8770688309463863,3.1792627857317934,13.02870147905977
2.0000000000000013,1.8815084129567072,3.198055671951309,13.060587960358633
2.010000000000001,1.885975325020427,3.2168930906411948,13.092662592498796
2.020000000000001,1.8904696353978405,3.235775315443286,13.124925822171459
2.0300000000000007,1.8949914126266882,3.2547026206834087,13.157378098807662
2.0400000000000005,1.89954072552391,3.2736752813741616,13.190019874585127
2.0500000000000003,1.9041176431874207,3.2926935732177185,13.222851604435146
2.06,1.9087222349979052,3.311757772608645,13.255873746049483
2.07,1.9133545706206345,3.330868156636738,13.289086759887319
2.0799999999999996,1.9180147200073014,3.3500250030898777,13.322491109182216
2.0899999999999994,1.9227027533978727,3.3692285904569035,13.356087259949115
2.099999999999999,1.9274187413224613,3.388479197930505,13.389875680991354
2.109999999999999,1.9321627546032174,3.4077771054101333,13.423856843907727
2.1199999999999988,1.9369348643562325,3.4271225935049308,13.458031223099557
2.1299999999999986,1.9417351419934654,3.4465159435366792,13.492399295777822
2.1399999999999983,1.9465636592246809,3.46595743754277,13.526961541970289
2.149999999999998,1.9514204880594044,3.4854473582791905,13.56171844452868
2.159999999999998,1.9563057008088933,3.504985989223532,13.596670489135875
2.1699999999999977,1.9612193700881222,3.524573614578017,13.631818164313149
2.1799999999999975,1.9661615688177827,3.544210519272547,13.667161961427434
2.1899999999999973,1.9711323702262962,3.5638969889677674,13.7027023746986
2.199999999999997,1.9761318478518406,3.583633310058158,13.738439901206789
2.209999999999997,1.98116007554439,3.6034197696751393,13.774375040899763
2.2199999999999966,1.9862171274677671,3.6232566556902,13.810508296600291
2.2299999999999964,1.9913030781017065,3.643144256718047,13.846840174013568
2.239999999999996,1.9964180022439288,3.6630828621197753,13.883371181734653
2.249999999999996,2.0015619750122307,3.683072762006056,13.920101831255963
2.259999999999996,2.006735071846579,3.70311424724035,13.957032636974773
2.2699999999999956,2.011937368511219,3.7232076094421394,13.99416411620077
2.2799999999999954,2.017168941096792,3.7433531409901795,14.031496789163615
2.289999999999995,2.0224298660224638,3.7635511350257755,14.069031179020572
2.299999999999995,2.0277202200380566,3.783801885456078,14.106767811864131
2.3099999999999947,2.033040080226197,3.8041056869573993,14.144707216729694
2.3199999999999945,2.0383895240044687,3.8244628349785526,14.182849925603279
2.3299999999999943,2.043768629127571,3.8448736257442127,14.221196473429265
2.339999999999994,2.049177473689489,3.865338356258298,14.259747398118163
2.349999999999994,2.0546161361256705,3.8858573243073735,14.29850324055443
2.3599999999999937,2.0600846952152034,3.906430828464078,14.33746454460431
2.3699999999999934,2.0655832300830115,3.9270591680905693,14.376631857123712
2.3799999999999932,2.0711118202020438,3.9477426433419947,14.416005727966121
2.389999999999993,2.0766705453954795,3.968481555169982,14.455586709990552
2.399999999999993,2.082259485838933,3.989276205326154,14.495375359069522
2.4099999999999926,2.0878787220626647,4.010126896365662,14.535372234097075
2.4199999999999924,2.0935283349538008,4.031033931650745,14.575577896996835
2.429999999999992,2.09920840575855,4.051997615354306,14.61599291273009
2.439999999999992,2.104919016084435,4.0730182524635214,14.65661784930392
2.4499999999999917,2.110660247902518,4.094096148783456,14.69745327777936
2.4599999999999915,2.116432183549635,4.115231610940717,14.738499772279589
2.4699999999999913,2.1222349057306342,4.136424946387119,14.779757909998173
2.479999999999991,2.128068497520616,4.157676463403375,14.821228271207332
2.489999999999991,2.1339330423671754,4.178986471102814,14.862911439266242
2.4999999999999907,2.1398286240926483,4.200355279435112,14.904808000629387
2.5099999999999905,2.145755326896362,4.221783199190058,14.946918544854944
2.5199999999999902,2.151713235356883,4.243270542001324,14.989243664613188
2.52999999999999,2.1577024344342726,4.2648176203502794,15.03178395569497
2.53999999999999,2.1637230094723408,4.2864247475698125,15.074540017020194
2.5499999999999896,2.169775046200903,4.308092237848179,15.117512450646366
2.5599999999999894,2.1758586307380368,4.329820406232874,15.160701861777158
2.569999999999989,2.1819738495923433,4.351609568634526,15.204108858771022
2.579999999999989,2.1881207896652044,4.373460041830814,15.247734053149847
2.5899999999999888,2.1942995382530466,4.395372143470405,15.291578059607637
2.5999999999999885,2.2005101830496017,4.417346192076919,15.335641496019255
2.6099999999999883,2.206752812148167,4.439382507052908,15.379924983449177
2.619999999999988,2.213027514043873,4.461481408683868,15.424429146160314
2.629999999999988,2.2193343776359398,4.483643218142267,15.469154611622855
2.6399999999999877,2.2256734922299444,4.5058682574915965,15.51410201052316
2.6499999999999875,2.232044947540082,4.528156849690447,15.559271976772688
2.6599999999999873,2.238448833691428,4.550509318596604,15.60466514751697
2.669999999999987,2.2448852412222013,4.572925988971172,15.65028216314462
2.679999999999987,2.2513542610860244,4.5954071864827135,15.696123667296392
2.6899999999999866,2.2578559846541855,4.617953237711415,15.742190306874274
2.6999999999999864,2.2643905037178973,4.640564470153276,15.788482732050621
2.709999999999986,2.2709579104905586,4.663241212224318,15.83500159627734
2.719999999999986,2.277558297610011,4.685983793264821,15.881747556295108
2.7299999999999858,2.284191758140795,4.708792543543575,15.928721272142639
2.7399999999999856,2.2908583855764095,4.731667794262162,15.975923407165983
2.7499999999999853,2.297558273841565,4.754609877559251,16.02335462802788
2.759999999999985,2.3042915172944363,4.7776191265149315,16.071015604717164
2.769999999999985,2.3110582107289166,4.800695875155048,16.11890701055818
2.7799999999999847,2.3178584493768666,4.823840458455577,16.167029522220265
2.7899999999999845,2.3246923289103663,4.847053212347014,16.21538381972729
2.7999999999999843,2.331559945443958,4.870334473718785,16.263970586467206
2.809999999999984,2.3384613955368985,4.893684580423689,16.312790509201665
2.819999999999984,2.3453967761953973,4.91710387128235,16.36184427807568
2.8299999999999836,2.352366184874865,4.940592686087702,16.411132586627314
2.8399999999999834,2.3593697194821486,4.964151365609487,16.460656131797435
2.849999999999983,2.366407478377774,4.987780251598786,16.510415613939504
2.859999999999983,2.373479560378183,5.0114796867925655,16.56041173682941
2.869999999999983,2.380586064757968,5.035250014918247,16.610645207675354
2.8799999999999826,2.387727091252103,5.059091580698297,16.661116737127774
2.8899999999999824,2.3949027400581793,5.083004729854848,16.711827039289318
2.899999999999982,2.402113111838632,5.106989809114332,16.762776831724867
2.909999999999982,2.4093583077229694,5.131047166212141,16.813966835471604
2.9199999999999817,2.416638429309996,5.155177149897305,16.86539777504911
2.9299999999999815,2.4239535786700372,5.179380109937205,16.917070378469546
2.9399999999999813,2.4313038583471642,5.203656397122291,16.96898537724785
2.949999999999981,2.4386893713614084,5.228006363270834,17.021143506411992
2.959999999999981,2.4461102212109824,5.252430361233696,17.073545504513266
2.9699999999999807,2.4535665118744947,5.276928744899124,17.126192113636662
2.9799999999999804,2.461058347813165,5.301501869197562,17.179084079411247
2.9899999999999802,2.4685858339730333,5.326150090106493,17.232222151020615
2.99999999999998,2.4761490757871725,5.350873764655294,17.285607081213378
3.00999999999998,2.483748179177896,5.375673250930119,17.33923962631372
3.0199999999999796,2.4913832505589637,5.400548908078804,17.39312054623198
3.0299999999999794,2.4990543968377863,5.425501096315788,17.447250604475293
3.039999999999979,2.506761725417628,5.450530176927065,17.50163056815829
3.049999999999979,2.514505344199812,5.475636512275152,17.556261208013833
3.0599999999999787,2.52228536158591,5.500820465804081,17.611143298403796
3.0699999999999785,2.53010188647995,5.52608240204441,17.666277617329918
3.0799999999999783,2.5379550282906065,5.551422686618262,17.721664946444687
3.089999999999978,2.545844896933398,5.576841686244382,17.777306071062284
3.099999999999978,2.5537716028328776,5.602339768743214,17.833201780169578
3.1099999999999777,2.561735256924827,5.627917303042002,17.889352866437154
3.1199999999999775,2.5697359706584444,5.6535746591799185,17.945760126230418
3.1299999999999772,2.577773855998536,5.6793122083132035,18.00242435962075
3.139999999999977,2.5858490254277013,5.7051303227203345,18.059346370396682
3.149999999999977,2.59396159194852,5.731029375807216,18.116526966075156
3.1599999999999766,2.6021116690857373,5.757009742112388,18.173966957912825
3.1699999999999764,2.6102993708884497,5.7830717973122585,18.231667160917404
3.179999999999976,2.618524811932283,5.8092159182263625,18.28962839385907
3.189999999999976,2.6267881073215813,5.835442482822632,18.34785147928193
3.1999999999999758,2.6350893726915836,5.861751870222698,18.406337243515523
3.2099999999999755,2.643428724210604,5.888144460707209,18.465086516686384
3.2199999999999753,2.6518062785822143,5.914620635721173,18.524100132729664
3.229999999999975,2.6602221530474215,5.941180777879321,18.583378929400805
3.239999999999975,2.6686764653868456,5.967825270971493,18.642923748287252
3.2499999999999747,2.6771693339228975,5.994554499968041,18.702735434820237
3.2599999999999745,2.685700877521959,6.021368851025265,18.762814838286616
3.2699999999999743,2.6942712155965554,6.0482687114908575,18.823162811840746
3.279999999999974,2.702880468107537,6.075254469909378,18.883780212516434
3.289999999999974,2.7115287555662544,6.102326516027747,18.944667901238937
3.2999999999999736,2.7202161990367326,6.129485240800762,19.00582674283699
3.3099999999999734,2.7289429201378526,6.156731036396636,19.06725760605495
3.319999999999973,2.737709041045523,6.1840642962025525,19.128961363564926
3.329999999999973,2.7465146844948602,6.211485414830254,19.190938891979002
3.3399999999999728,2.7553599737823657,6.238994788121641,19.25319107186153
3.3499999999999726,2.764245032768102,6.266592813154393,19.31571878774143
3.3599999999999723,2.7731699858778702,6.2942798882476225,19.378522928124614
3.369999999999972,2.7821349581053934,6.322056412967539,19.441604385506384
3.379999999999972,2.7911400750144892,6.349922788133139,19.504964056383965
3.3899999999999717,2.8001854627412546,6.377879415821917,19.568602841269048
3.3999999999999715,2.8092712479962443,6.4059266993756045,19.632521644700404
3.4099999999999713,2.8183975580666547,6.434065043405919,19.69672137525656
3.419999999999971,2.827564520818505,6.462294853800345,19.76120294556852
3.429999999999971,2.836772264698822,6.490616537727932,19.825967272332562
3.4399999999999706,2.8460209187378247,6.519030503645115,19.891015276323078
3.4499999999999704,2.855310612551112,6.54753716130156,19.956347882405467
3.45999999999997,2.8646414763418484,6.576136921746024,20.021966019549108
3.46999999999997,2.874013640902957,6.604830197332248,20.087870620840384
3.47999999999997,2.883427237619307,6.63361740172486,20.15406262349575
3.4899999999999696,2.892882398469911,6.662498949905306,20.22054296887488
3.4999999999999694,2.9023792560301134,6.691475258177806,20.28731260249386
3.509999999999969,2.911917943473794,6.7205467441753255,20.35437247403844
3.519999999999969,2.921498594575561,6.749713826865572,20.421723537377364
3.5299999999999687,2.931121343712957,6.778976926557015,20.489366750575748
3.5399999999999685,2.9407863258686575,6.808336464904923,20.557303075908504
3.5499999999999683,2.9504936766326795,6.8377928649174295,20.625533479873845
3.559999999999968,2.9602435322045886,6.867346550961616,20.69405893320685
3.569999999999968,2.970036029395708,6.896997948769617,20.762880410893075
3.5799999999999677,2.979871305631335,6.926747485444753,20.83199889218224
3.5899999999999674,2.9897494989529534,6.956595589467674,20.901415360601973
3.5999999999999672,2.999670748020453,6.9865426907025405,20.971130803971597
3.609999999999967,3.009635192114355,7.0165892204032145,21.041146214416024
3.619999999999967,3.0196429711380315,7.046735611219477,21.11146258837966
3.6299999999999666,3.029694225619939,7.0769822972032665,21.182080926640413
3.6399999999999664,3.039789096715843,7.107329713814946,21.253002234323727
3.649999999999966,3.04992772621106,7.1377782979295805,21.32422752091671
3.659999999999966,3.0601102565226914,7.168328487843249,21.39575780028232
3.6699999999999657,3.0703368307018657,7.198980723279372,21.467594090673575
3.6799999999999655,3.0806075924359853,7.229735445395061,21.539737414747904
3.6899999999999653,3.090922686050975,7.260593096787496,21.612188799581478
3.699999999999965,3.1012822565135356,7.291554121500319,21.684949276683657
3.709999999999965,3.1116864494334,7.3226189650300535,21.758019882011485
3.7199999999999647,3.1221354110655968,7.353788074332549,21.831401655984255
3.7299999999999645,3.1326292883127156,7.3850618978294404,21.905095643498136
3.7399999999999642,3.1431682287271725,7.41644088541464,21.979102893940848
3.749999999999964,3.153752380513491,7.447925488460843,22.05342446120643
3.759999999999964,3.1643818925305762,7.479516159826064,22.128061403710063
3.7699999999999636,3.1750569142940015,7.511213353860187,22.20301478440295
3.7799999999999634,3.1857775959782937,7.543017526411549,22.278285670787266
3.789999999999963,3.1965440884192287,7.574929134833536,22.353875134931183
3.799999999999963,3.2073565431161257,7.606948637991213,22.429784253483938
3.8099999999999627,3.2182151122341565,7.639076496267964,22.506014107691005
3.8199999999999625,3.2291199486066477,7.671313171572168,22.582565783409294
3.8299999999999623,3.2400712057373964,7.7036591273438875,22.659440371122443
3.839999999999962,3.2510690378029903,7.73611482856159,22.73663896595617
3.849999999999962,3.262113599655128,7.76868074174888,22.814162667693676
3.8599999999999617,3.273205046822954,7.801357334981271,22.89201258079115
3.8699999999999615,3.284343535515387,7.834145077892963,22.970189814393304
3.8799999999999613,3.2955292226234683,7.867044441683657,23.048695482349007
3.889999999999961,3.3067622657227043,7.9000558991253875,23.127530703226974
3.899999999999961,3.3180428230754204,7.933179924569378,23.206696600331515
3.9099999999999606,3.329371053633117,7.9664169939529215,23.286194301718364
3.9199999999999604,3.3407471170388416,7.999767584806281,23.366024940210576
3.92999999999996,3.3521711736295505,8.033232176259624,23.44618965341449
3.93999999999996,3.363643384438494,8.066811249049964,23.526689583735767
3.9499999999999598,3.3751639111975957,8.100505285528145,23.60752587839549
3.9599999999999596,3.3867329163398447,8.134314769665833,23.68869968944633
3.9699999999999593,3.3983505630016912,8.16824018706254,23.770212173788806
3.979999999999959,3.4100170150254523,8.202282024952677,23.852064493187584
3.989999999999959,3.4217324369617184,8.236440772212612,23.93425781428786
3.9999999999999587,3.4334969940717746,8.27071691936778,24.016793308631833
4.009999999999959,3.445310852330023,8.305110958599789,24.099672152675215
4.019999999999959,3.4571741784264143,8.33962338375357,24.18289552780383
4.0299999999999585,3.4690871397688836,8.374254690344547,24.266464620350288
4.039999999999958,3.4810499044858014,8.40900537556582,24.35038062161072
4.049999999999958,3.4930626414284203,8.443875938295392,24.434644727861606
4.059999999999958,3.5051255201733404,8.4788668791034,24.519258140376632
4.069999999999958,3.5172387110249748,8.513978700259392,24.604222065443675
4.079999999999957,3.5294023850180243,8.549211905739607,24.68953771438182
4.089999999999957,3.541616713919962,8.584567001234298,24.775206303558466
4.099999999999957,3.5538818702335253,8.620044494155065,24.861229054406504
4.109999999999957,3.566198027199211,8.65564489364223,24.947607193441566
4.119999999999957,3.578565358797785,8.691368710572215,25.03434195227935
4.129999999999956,3.590984039752795,8.727216457564968,25.12143456765301
4.139999999999956,3.6034542455330976,8.763188648991397,25.20888628143065
4.149999999999956,3.6159761523553815,8.79928580098084,25.29669834063284
4.159999999999956,3.628549937186716,8.83550843142855,25.38487199745027
4.1699999999999555,3.6411757777470912,8.87185706000322,25.473408509261414
4.179999999999955,3.6538538525119786,8.908332208154516,25.562309138650335
4.189999999999955,3.6665843407148944,8.94493439912065,25.651575153424506
4.199999999999955,3.6793674223499724,8.981664157935974,25.74120782663275
4.209999999999955,3.692203278174548,9.018522011438597,25.83120843658323
4.2199999999999545,3.705092089711745,9.055508488278027,25.921578266861523
4.229999999999954,3.71803403925308,9.092624118922851,26.01231860634879
4.239999999999954,3.7310293098610696,9.129869435668422,26.10343074923998
4.249999999999954,3.7440780853718456,9.167244972644585,26.194915995062157
4.259999999999954,3.7571805503977846,9.204751265823434,26.28677564869287
4.269999999999953,3.7703368903301446,9.242388853027075,26.379011020378623
4.279999999999953,3.7835472913417076,9.280158273935434,26.47162342575341
4.289999999999953,3.7968119403894356,9.31806007009409,26.564614185857334
4.299999999999953,3.8101310252171356,9.356094784922123,26.657984627155294
4.3099999999999525,3.8235047343581323,9.39426296372,26.751736081555773
4.319999999999952,3.836933257137952,9.43256515367748,26.845869886429693
4.329999999999952,3.8504167836770136,9.471001903881556,26.940387384629325
4.339999999999952,3.863955504893333,9.509573765324408,27.035289924507325
4.349999999999952,3.8775496125052378,9.548281290911401,27.130578859935817
4.3599999999999515,3.891199299034084,9.587125035469098,27.226255550325558
4.369999999999951,3.9049047578069924,9.626105555753304,27.3223213606452
4.379999999999951,3.9186661829595915,9.665223410457136,27.418777661440625
4.389999999999951,3.932483769438767,9.704479160219128,27.515625828854343
4.399999999999951,3.9463577130054284,9.743873367631348,27.612867244645006
4.40999999999995,3.960288210237277,9.783406597247561,27.71050329620697
4.41999999999995,3.9742754585315963,9.823079415591405,27.808535376589955
4.42999999999995,3.988319656108038,9.862892391164603,27.906964884518796
4.43999999999995,4.002421002011433,9.902846094455201,28.00579322441325
4.4499999999999496,4.016579696114601,9.942941097945832,28.1050218064079
4.459999999999949,4.03079593912118,9.983177976122011,28.204652046372164
4.469999999999949,4.045069932568461,10.023557305480459,28.30468536593034
4.479999999999949,4.0594018788302355,10.064079664537452,28.40512319248177
4.489999999999949,4.073791981119652,10.1047456338372,28.505966959221087
4.4999999999999485,4.088240443492087,10.14555579596026,28.607218105158513
4.509999999999948,4.1027474708480245,10.186510735531959,28.70887807514029
4.519999999999948,4.117313268935943,10.22761103923088,28.81094831986915
4.529999999999948,4.131938044355226,10.268857295797336,28.913430295924908
4.539999999999948,4.146622004559065,10.310250096041907,29.016325465785098
4.549999999999947,4.161365357857394,10.35179003285399,29.119635297845743
4.559999999999947,4.176168313419816,10.393477701210376,29.223361266442176
4.569999999999947,4.191031081278561,10.435313698183867,29.32750485186995
4.579999999999947,4.205953872331435,10.477298622951917,29.432067540405853
4.589999999999947,4.220936898344794,10.519433076805297,29.53705082432899
4.599999999999946,4.23598037195653,10.561717663156804,29.64245620194196
4.609999999999946,4.2510845066790575,10.604152987549982,29.748285177592127
4.619999999999946,4.266249516902328,10.646739657667888,29.854539261692963
4.629999999999946,4.281475617896836,10.689478283341884,29.96121997074549
4.6399999999999455,4.296763025816659,10.732369476560452,30.068328827359803
4.649999999999945,4.312111957702494,10.775413851478048,30.175867360276698
4.659999999999945,4.32752263148471,10.818612024423983,30.283837104389363
4.669999999999945,4.342995265986414,10.861964613911338,30.39223960076518
4.679999999999945,4.3585300809265295,10.905472240645903,30.501076396667592
4.689999999999944,4.374127296922887,10.94913552753515,30.610349045578097
4.699999999999944,4.3897871354953235,10.992955099697241,30.720059107218297
4.709999999999944,4.405509819068799,11.03693158447006,30.830208147572044
4.719999999999944,4.421295570976523,11.081065611420287,30.940797738907698
4.729999999999944,4.437144615463092,11.125357812352485,31.05182945980045
4.739999999999943,4.453057177687644,11.169808821318238,31.16330489515475
4.749999999999943,4.4690334837270225,11.214419274625312,31.275225636226814
4.759999999999943,4.485073760578954,11.259189810846841,31.387593280647256
4.769999999999943,4.501178236165235,11.304121070830563,31.500409432443753
4.7799999999999425,4.517347139334939,11.349213697708064,31.61367570206387
4.789999999999942,4.5335806998676285,11.394468336904078,31.727393706397915
4.799999999999942,4.549879148476586,11.4398856361458,31.841565068801952
4.809999999999942,4.566242716812058,11.485466245472242,31.956191419120834
4.819999999999942,4.582671637464501,11.531210817243625,32.0712743937114
4.8299999999999415,4.59916614396786,11.577120006150787,32.18681563546571
4.839999999999941,4.6157264708028425,11.623194469224641,32.302816793834424
4.849999999999941,4.632352853400214,11.669434865845657,32.41927952485021
4.859999999999941,4.649045528144109,11.715841857753379,32.536205491151335
4.869999999999941,4.6658047323753475,11.762416109055977,32.653596362005274
4.87999999999994,4.682630704394773,11.809158286239827,32.77145381333246
4.88999999999994,4.699523683466598,11.856069058179134,32.88977952773008
4.89999999999994,4.716483909821767,11.903149096145576,33.008575194496046
4.90999999999994,4.733511624661329,11.95039907381799,33.12784250965299
4.9199999999999395,4.750607070159831,11.997819667292097,33.24758317597241
4.929999999999939,4.767770489468718,12.04541155509024,33.367798902998835
4.939999999999939,4.785002126719748,12.093175418171182,33.48849140707421
4.949999999999939,4.8023022270284255,12.141111939939922,33.60966241136225
4.959999999999939,4.819671036497444,12.189221806257551,33.731313645873
4.9699999999999385,4.837108802220144,12.23750570545114,33.853446847487405
4.979999999999938,4.854615772283984,12.28596432832366,33.976063759982026
4.989999999999938,4.872192195774033,12.33459836816395,34.099166134053874
4.999999999999938,4.889838322776462,12.383408520756703,34.2227557273453
5.009999999999938,4.907554404382068,12.432395484392496,34.34683430446901
5.019999999999937,4.925340692689795,12.481559959877854,34.471403637033156
5.029999999999937,4.943197440810285,12.530902650545356,34.596465503666565
5.039999999999937,4.961124902869432,12.580424262263755,34.72202169004406
5.049999999999937,4.979123334011954,12.630125503448161,34.848073988911835
5.0599999999999365,4.997192990404983,12.680007085070246,34.97462420011302
5.069999999999936,5.015334129241663,12.73006972066848,35.10167413061325
5.079999999999936,5.03354700874477,12.780314126358412,35.2292255945264
5.089999999999936,5.051831888170338,12.830741020842988,35.357280413140415
5.099999999999936,5.070189027811313,12.881351125422896,35.485840414943254
5.1099999999999355,5.088618689001207,12.932145164006958,35.614907435648874
5.119999999999935,5.107121134117774,12.983123863122552,35.74448331822339
5.129999999999935,5.125696626586707,13.034287951926075,35.87456991291132
5.139999999999935,5.144345430885336,13.085638162213435,36.00516907726191
5.149999999999935,5.163067812546351,13.137175228430593,36.13628267615559
5.159999999999934,5.181864038161543,13.188899887684132,36.26791258183052
5.169999999999934,5.200734375385547,13.240812879751868,36.400060673909266
5.179999999999934,5.219679092939616,13.292914947093493,36.53272883942556
5.189999999999934,5.238698460615397,13.345206834861267,36.66591897285114
5.199999999999934,5.2577927492787335,13.397689290910739,36.79963297612278
5.209999999999933,5.276962230873473,13.4503630658115,36.93387275866935
5.219999999999933,5.2962071784253,13.503228912857994,37.06864023743901
5.229999999999933,5.315527866045578,13.556287588080348,37.203937336926515
5.239999999999933,5.3349245689352065,13.609539850255253,37.33976598920062
5.2499999999999325,5.3543975633885,13.662986460916871,37.476128133931624
5.259999999999932,5.373947126797077,13.7166281843678,37.61302571841896
5.269999999999932,5.393573537653767,13.770465787690053,37.750460697618976
5.279999999999932,5.413277075556535,13.824500040756105,37.88843503417276
5.289999999999932,5.4330580212124175,13.87873171623995,38.02695069843409
5.299999999999931,5.452916656441481,13.933161589628218,38.16600966849755
5.309999999999931,5.472853264180787,13.987790439231329,38.305613930226656
5.319999999999931,5.492868128488383,14.042619046194675,38.44576547728218
5.329999999999931,5.512961534547307,14.097648194509853,38.58646631115055
5.339999999999931,5.533133768669601,14.152878671025938,38.72771844117238
5.34999999999993,5.553385118300356,14.208311265460788,38.86952388457107
5.35999999999993,5.573715872021754,14.263946770412398,39.0118846664816
5.36999999999993,5.594126319557144,14.319785981370293,39.154802819979324
5.37999999999993,5.614616751775121,14.375829696726955,39.298280386109006
5.3899999999999295,5.635187460693639,14.432078717789299,39.442319413913864
5.399999999999929,5.655838739484111,14.488533848790187,39.586921960464785
5.409999999999929,5.676570882475564,14.545195896899985,39.73209009088966
5.419999999999929,5.697384185158776,14.602065672238156,39.87782587840279
5.429999999999929,5.718278944190452,14.659143987884903,40.02413140433443
5.4399999999999284,5.739255457397405,14.716431659892843,40.17100875816049
5.449999999999928,5.760314023780765,14.773929507298734,40.31846003753228
5.459999999999928,5.781454943520191,14.831638352135238,40.46648734830646
5.469999999999928,5.802678517978117,14.88955901944273,40.61509280457499
5.479999999999928,5.823985049703991,14.947692337281142,40.76427852869532
5.489999999999927,5.8453748424385585,15.006039136741855,40.91404665132062
5.499999999999927,5.8668482011181515,15.064600251959638,41.06439931143016
5.509999999999927,5.888405431878983,15.123376520124623,41.215338656359805
5.519999999999927,5.910046842061481,15.182368781494326,41.366866841832646
5.5299999999999265,5.931772740214623,15.241577879405707,41.5189860319897
5.539999999999926,5.953583436100295,15.301004660287282,41.67169839942077
5.549999999999926,5.9754792406976645,15.360649973671272,41.82500612519545
5.559999999999926,5.99746046620758,15.420514672205798,41.9789113988942
5.569999999999926,6.019527426056979,15.48059961166712,42.13341641863956
5.5799999999999255,6.041680434903314,15.540905650971922,42.288523391127534
5.589999999999925,6.0639198086390005,15.601433652189634,42.444234531659
5.599999999999925,6.086245864395885,15.662184480554808,42.60055206417133
5.609999999999925,6.108658920549721,15.723159004479536,42.7574782212701
5.619999999999925,6.1311592967246735,15.784358095565908,42.91501524426092
5.629999999999924,6.153747313797838,15.84578262861852,43.07316538318141
5.639999999999924,6.176423293903777,15.907433481657028,43.23193089683329
5.649999999999924,6.199187560439073,15.969311535928743,43.39131405281456
5.659999999999924,6.2220404380669,16.031417675921272,43.55131712755187
5.6699999999999235,6.244982252721625,16.093752789375216,43.71194240633299
5.679999999999923,6.268013331613404,16.15631776729689,43.87319218333938
5.689999999999923,6.291134003232822,16.219113503971123,44.03506876167892
5.699999999999923,6.314344597355535,16.282140896974063,44.197574453418795
5.709999999999923,6.337645445046937,16.345400847186074,44.3607115796184
5.7199999999999225,6.3610368786668445,16.408894258804644,44.524482470362514
5.729999999999922,6.3845192318742,16.472622039357347,44.68888946479449
5.739999999999922,6.408092839631792,16.536585099714877,44.853934911149665
5.749999999999922,6.431758038211002,16.60078435410409,45.019621166788795
5.759999999999922,6.455515165196554,16.665220720121127,45.18595059823174
5.769999999999921,6.479364559491307,16.729895118744565,45.35292558119121
5.779999999999921,6.503306561321044,16.794808474348628,45.52054850060663
5.789999999999921,6.527341512239289,16.85996171471643,45.68882175067818
5.799999999999921,6.551469755132151,16.925355771053287,45.85774773490096
5.809999999999921,6.575691634223171,16.990991578000063,46.02732886609925
5.81999999999992,6.600007495078204,17.05687007364657,46.19756756646097
5.82999999999992,6.624417684610311,17.122992199545013,46.36846626757219
5.83999999999992,6.648922551084674,17.189358900723487,46.54002741045186
5.84999999999992,6.673522444123533,17.255971125699528,46.71225344558665
5.8599999999999195,6.698217714711132,17.322829826493702,46.885146832965845
5.869999999999919,6.723008715198699,17.389935958643253,47.058710042116516
5.879999999999919,6.747895799309438,17.457290481215793,47.23294555213871
5.889999999999919,6.77287932214354,17.524894356823058,47.407855851740834
5.899999999999919,6.797959640183219,17.592748551634692,47.58344343927517
5.909999999999918,6.8231371112977595,17.6608540353921,47.75971082277353
5.919999999999918,6.848412094748598,17.72921178142233,47.93666051998301
5.929999999999918,6.873784951194411,17.797822766652043,48.11429505840197
5.939999999999918,6.899256042696228,17.866687971621495,48.29261697531605
5.949999999999918,6.924825732722566,17.93580838049859,48.4716288178344
5.959999999999917,6.950494386154591,18.005184981092974,48.65133314292602
5.969999999999917,6.976262369291279,18.0748187648702,48.83173251745626
5.979999999999917,7.002130049854621,18.144710726965933,49.01282951822343
5.989999999999917,7.02809779699484,18.21486186620018,49.194626731995584
5.9999999999999165,7.05416598129562,18.285273185091633,49.37712675554744
6.009999999999916,7.080334974779368,18.35594568987201,49.56033219569741
6.019999999999916,7.106605150912496,18.426880390500468,49.74424566934487
6.029999999999916,7.132976884610714,18.498078300678085,49.928869803507425
6.039999999999916,7.159450552244347,18.56954043786236,50.114207235358435
6.0499999999999154,7.186026531643687,18.6412678232818,50.300260612264665
6.059999999999915,7.212705202104348,18.713261481950543,50.48703259182407
6.069999999999915,7.239486944392651,18.78552244268303,50.67452584190368
6.079999999999915,7.2663721407510256,18.858051738108745,50.862743040677735
6.089999999999915,7.293361174903442,18.930850404687018,51.05168687666586
6.099999999999914,7.320454432060853,19.003919482721837,51.241360048771476
6.109999999999914,7.347652298926668,19.077260016376776,51.4317652663203
6.119999999999914,7.374955163702242,19.15087305368992,51.62290524909901
6.129999999999914,7.402363416092384,19.224759646588893,51.8147827273941
6.1399999999999135,7.4298774473108935,19.29892085090591,52.0074004420308
6.149999999999913,7.457497650086122,19.373357726392893,52.200761144412226
6.159999999999913,7.48522441866654,19.448071336736657,52.394867596558655
6.169999999999913,7.513058148826348,19.52306274957412,52.58972257114696
6.179999999999913,7.540999237871088,19.598333036507608,52.78532885155014
6.1899999999999125,7.5690480846432955,19.67388327312018,52.981689231877105
6.199999999999912,7.5972050895281615,19.749714538991036,53.17880651701254
6.209999999999912,7.62547065445922,19.825827917710974,53.376683522656926
6.219999999999912,7.653845182924065,19.90222449689789,53.57532307536676
6.229999999999912,7.682329079970074,19.97890536821236,53.774728012594885
6.239999999999911,7.710922752210174,20.05587162737326,53.97490118273101
6.249999999999911,7.739626607828612,20.133124374173455,54.17584544514235
6.259999999999911,7.768441056586762,20.210664712495532,54.37756367021448
6.269999999999911,7.7973665098289455,20.28849375032761,54.580058739392264
6.2799999999999105,7.826403380488278,20.366612599779195,54.78333354522103
6.28999999999991,7.855552083092539,20.4450223770971,54.98739099138785
6.29999999999991,7.884813033770069,20.523724202681414,55.19223399276297
6.30999999999991,7.91418665025568,20.602719201101543,55.39786547544147
6.31999999999991,7.943673351896598,20.682008501112303,55.604288376785
6.3299999999999095,7.973273559658419,20.761593235670077,55.81150564546372
6.339999999999909,8.002987696131106,20.841474541949026,56.019520241498405
6.349999999999909,8.032816185534989,20.921653561357356,56.228335136302704
6.359999999999909,8.062759453726798,21.002131439553665,56.437953312725554
6.369999999999909,8.092817928205728,21.082909326463326,56.648377765093784
6.379999999999908,8.122992038119506,21.163988376294952,56.85961149925483
6.389999999999908,8.1532822142705,21.245369747556904,57.07165753261969
6.399999999999908,8.18368888912186,21.327054603073865,57.284518894205966
6.409999999999908,8.214212496803647,21.409044110003492,57.498198624681166
6.419999999999908,8.244853473119019,21.491339439853107,57.71269977640604
6.429999999999907,8.275612255550438,21.573941768496454,57.928025413478224
6.439999999999907,8.306489283265885,21.656852276190534,58.14417861177596
6.449999999999907,8.337484997125106,21.74007214759249,58.36116245900203
6.459999999999907,8.368599839685896,21.823602571776544,58.578980054727815
6.4699999999999065,8.399834255210381,21.907444742251023,58.79763451043756
6.479999999999906,8.431188689671355,21.991599856975434,59.01712894957283
6.489999999999906,8.462663590758618,22.076069118377582,59.23746650757707
6.499999999999906,8.494259407885346,22.1608537333708,59.45865033194038
6.509999999999906,8.525976592194493,22.2459549133712,59.680683582244484
6.519999999999905,8.557815596565206,22.331373874315,59.9035694302078
6.529999999999905,8.589776875619277,22.41711183667592,60.12731105973078
6.539999999999905,8.621860885727603,22.503170025482657,60.35191166694132
6.549999999999905,8.654068085016698,22.58954967033638,60.57737446024043
6.559999999999905,8.686398933375203,22.67625200542834,60.803702660348044
6.569999999999904,8.718853892460437,22.763278269557517,61.030899500349
6.579999999999904,8.751433425704965,22.850629706148343,61.258968225739196
6.589999999999904,8.784137998323203,22.938307563268484,61.487912094471966
6.599999999999904,8.81696807731804,23.026313093646692,61.71773437700457
6.6099999999999035,8.849924131487478,23.11464755469072,61.9484383563449
6.619999999999903,8.883006631431325,23.203312208505313,62.18002732809838
6.629999999999903,8.916216049557878,23.29230832191026,62.412504600515014
6.639999999999903,8.949552860090662,23.3816371664585,62.645873494536595
6.649999999999903,8.983017539075178,23.47130001845433,62.88013734384419
6.659999999999902,9.016610564385681,23.561298158971635,63.115299494905685
6.669999999999902,9.050332415731994,23.651632873872224,63.35136330702362
6.679999999999902,9.084183574666334,23.742305453824216,63.58833215238313
6.689999999999902,9.118164524590169,23.833317194320497,63.826209416100106
6.699999999999902,9.152275750761108,23.924669395697254,64.06499849626954
6.709999999999901,9.186517740299811,24.01636336315256,64.30470280401404
6.719999999999901,9.220890982196934,24.108400406765043,64.54532576353259
6.729999999999901,9.255395967320077,24.200781841512626,64.78687081214935
6.739999999999901,9.290033188420798,24.29350898729133,65.02934140036284
6.7499999999999005,9.324803140141622,24.38658316893414,65.27274099189518
6.7599999999999,9.35970631902309,24.480005716229964,65.51707306374153
6.7699999999999,9.394743223510828,24.573777963942636,65.76234110621978
6.7799999999999,9.429914353962666,24.667901251830003,66.00854862302039
6.7899999999999,9.46522021265574,24.762376924663094,66.25569913125639
6.7999999999998995,9.500661303793676,24.85720633224534,66.50379616151365
6.809999999999899,9.536238133513761,24.952390829431877,66.75284325790129
6.819999999999899,9.571951209894152,25.047931776148918,67.00284397810229
6.829999999999899,9.607801042961126,25.143830537413194,67.25380189342428
6.839999999999899,9.643788144696341,25.24008848335148,67.50572058885056
6.849999999999898,9.679913029044137,25.336706989220183,67.75860366309132
6.859999999999898,9.716176211918857,25.433687435424996,68.01245472863498
6.869999999999898,9.752578211212201,25.53103120754065,68.26727741179982
6.879999999999898,9.789119546800611,25.628739696330715,68.5230753527858
6.8899999999998975,9.825800740552678,25.726814297767483,68.77985220572644
6.899999999999897,9.862622316336575,25.825256413051928,69.03761163874115
6.909999999999897,9.899584800027533,25.92406744863375,69.29635733398749
6.919999999999897,9.936688719515331,26.023248816231465,69.55609298771382
6.929999999999897,9.973934604711825,26.1228019328526,69.81682231031212
6.9399999999998965,10.011322987558502,26.222728220813952,70.07854902637088
6.949999999999896,10.048854402034058,26.323029107761915,70.34127687472841
6.959999999999896,10.086529384162015,26.423706026692894,70.60500960852613
6.969999999999896,10.124348472018362,26.524760415973795,70.86975099526228
6.979999999999896,10.162312205739221,26.626193719362583,71.13550481684562
6.989999999999895,10.200421127528557,26.72800738602892,71.40227486964953
6.999999999999895,10.238675781665908,26.830202870574894,71.6700649645662
7.009999999999895,10.277076714514132,26.932781633055793,71.93887892706103
7.019999999999895,10.315624474527215,27.035745139001,72.20872059722731
7.0299999999998946,10.354319612258081,27.139094859434927,72.47959382984105
7.039999999999894,10.393162680366434,27.24283227089805,72.751502494416
7.049999999999894,10.432154233626663,27.346958855468014,73.024450475259
7.059999999999894,10.471294828935731,27.451476100780827,73.29844167152535
7.069999999999894,10.510585025321125,27.556385500052112,73.5734799972746
7.0799999999998935,10.550025383948832,27.66168855209846,73.8495693815264
7.089999999999893,10.589616468131327,27.76738676135886,74.12671376831658
7.099999999999893,10.629358843335625,27.873481637916196,74.40491711675357
7.109999999999893,10.669253077191332,27.97997469751883,74.68418340107489
7.119999999999893,10.709299739498746,28.08686746160228,74.96451661070394
7.129999999999892,10.749499402236985,28.194161457310962,75.24592075030694
7.139999999999892,10.78985263957214,28.301858217520007,75.52839983985017
7.149999999999892,10.830360027865467,28.409959280857194,75.81195791465734
7.159999999999892,10.871022145681607,28.51846619172493,76.09659902546731
7.169999999999892,10.911839573796842,28.62738050032232,76.38232723849185
7.179999999999891,10.952812895207368,28.736703762667343,76.66914663547377
7.189999999999891,10.993942695137628,28.846437540619068,76.9570613137452
7.199999999999891,11.035229561048643,28.956583401899998,77.24607538628615
7.209999999999891,11.076674082646404,29.067142920118474,77.5361929817832
7.2199999999998905,11.118276851890279,29.178117674791157,77.82741824468852
7.22999999999989,11.160038463001454,29.289509251365615,78.11975533527902
7.23999999999989,11.20195951247142,29.40131924124298,78.41320842971584
7.24999999999989,11.244040599070468,29.51354924180069,78.7077817201039
7.25999999999989,11.286282323856247,29.626200856415323,79.00347941455186
7.269999999999889,11.328685290182323,29.739275694485517,79.30030573723221
7.279999999999889,11.371250103706801,29.852775371454964,79.59826492844158
7.289999999999889,11.413977372400959,29.966701508835502,79.89736124466131
7.299999999999889,11.456867706557917,30.081055734230297,80.19759895861829
7.309999999999889,11.49992171880136,30.195839681357093,80.49898235934592
7.319999999999888,11.543140024094257,30.311054990071572,80.80151575224544
7.329999999999888,11.586523239747658,30.42670330639078,81.10520345914736
7.339999999999888,11.630071985429476,30.542786282516666,81.41004981837325
7.349999999999888,11.67378688317336,30.65930557685968,81.7160591847977
7.3599999999998875,11.71766855738754,30.776262854062484,82.02323592991046
7.369999999999887,11.76171763486376,30.89365978502374,82.33158444187896
7.379999999999887,11.805934744786201,31.01149804692199,82.64110912561094
7.389999999999887,11.850320518740487,31.129779323239624,82.9518144028174
7.399999999999887,11.894875590722659,31.24850530378694,83.26370471207574
7.4099999999998865,11.93960059714826,31.367677684726292,83.57678450889314
7.419999999999886,11.984496176861393,31.48729816859634,83.89105826577025
7.429999999999886,12.029562971143848,31.607368464336364,84.20653047226506
7.439999999999886,12.074801623724245,31.727890287310704,84.52320563505698
7.449999999999886,12.12021278078723,31.84886535933326,84.84108827801128
7.459999999999885,12.16579709098269,31.97029540869211,85.16018294224367
7.469999999999885,12.21155520543501,32.0921821701742,85.48049418618514
7.479999999999885,12.257487777752365,32.214527385090136,85.80202658564716
7.489999999999885,12.303595464036057,32.33733280129908,86.12478473388695
7.4999999999998845,12.349878922889866,32.46060017323371,86.44877324167315
7.509999999999884,12.396338815429457,32.58433126192531,86.77399673735162
7.519999999999884,12.442975805291812,32.70852783502891,87.10045986691165
7.529999999999884,12.48979055864471,32.83319166684859,87.42816729405222
7.539999999999884,12.536783744196217,32.958324538362795,87.75712370024864
7.5499999999998835,12.583956033204245,33.0839282372498,88.08733378481948
7.559999999999883,12.631308099486132,33.21000455791325,88.41880226499363
7.569999999999883,12.67884061942826,33.33655530150782,88.75153387597774
7.579999999999883,12.726554271995694,33.46358227596494,89.0855333710238
7.589999999999883,12.774449738741888,33.59108729601863,89.42080552149704
7.599999999999882,12.822527703818418,33.71907218323143,89.75735511694417
7.609999999999882,12.87078885398473,33.84753876602045,90.09518696516167
7.619999999999882,12.919233878617955,33.976488879683465,90.43430589226459
7.629999999999882,12.967863469722746,34.10592436642517,90.77471674275536
7.6399999999998816,13.016678321941153,34.23584707538349,91.1164243795931
7.649999999999881,13.065679132562547,34.36625886265601,91.45943368426303
7.659999999999881,13.114866601533558,34.49716159132649,91.80374955684621
7.669999999999881,13.164241431468085,34.6285571314915,92.14937691608955
7.679999999999881,13.213804327657316,34.760447360287124,92.49632069947603
7.6899999999998805,13.263555998079791,34.89283416191581,92.84458586329528
7.69999999999988,13.313497153411522,35.025719427673266,93.19417738271434
7.70999999999988,13.363628507036124,35.1591050559755,93.54510025184875
7.71999999999988,13.413950775055007,35.29299295238596,93.89735948383387
7.72999999999988,13.464464676297595,35.42738502964272,94.25096011089647
7.739999999999879,13.515170932331598,35.562283207685866,94.60590718442671
7.749999999999879,13.566070267473297,35.69768941368489,94.9622057750502
7.759999999999879,13.617163408797891,35.83360558206625,95.31986097270041
7.769999999999879,13.668451086149885,35.970033654540984,95.67887788669151
7.779999999999879,13.719934032153494,36.1069755801325,96.03926164579123
7.789999999999878,13.77161298222312,36.24443331520438,96.40101739829416
7.799999999999878,13.823488674573833,36.38240882348837,96.76415031209531
7.809999999999878,13.875561850231922,36.520904076112394,97.12866557476391
7.819999999999878,13.927833253045478,36.65992105162878,97.49456839361756
7.8299999999998775,13.980303629694996,36.79946173604248,97.8618639957965
7.839999999999877,14.032973729704054,36.93952812283948,98.2305576283384
7.849999999999877,14.085844305450005,37.080122213015244,98.60065455825328
7.859999999999877,14.13891611217472,37.22124601510337,98.97216007259871
7.869999999999877,14.192189907995372,37.36290154520422,99.34507947855535
7.879999999999876,14.24566645391526,37.50509082701377,99.71941810350279
7.889999999999876,14.299346513834678,37.64781589185252,100.09518129509563
7.899999999999876,14.353230854561808,37.7910787786945,100.47237442133985
7.909999999999876,14.407320245823685,37.93488153419643,100.85100287066952
7.919999999999876,14.46161546027718,38.07922621272693,101.23107205202378
7.929999999999875,14.516117273520031,38.224114876395916,101.61258739492406
7.939999999999875,14.570826464101918,38.369549595084024,101.9955543495517
7.949999999999875,14.625743813535584,38.515532446472214,102.37997838682574
7.959999999999875,14.680870106307978,38.66206551607143,102.76586499848113
7.9699999999998745,14.736206129891485,38.80915089725243,103.15321969714716
7.979999999999874,14.79175267475514,38.956790691275664,103.54204801642618
7.989999999999874,14.847510534375933,39.10498700732132,103.93235551097267
7.999999999999874,14.903480505250132,39.25374196251945,104.3241477565726
8.009999999999874,14.95966338690466,39.40305768198022,104.71743035022307
8.019999999999873,15.016059981908507,39.552936298824285,105.11220891021222
8.029999999999873,15.072671095884191,39.70337995421325,105.50848907619955
8.039999999999873,15.129497537519265,39.85439079738026,105.90627650929648
8.049999999999873,15.186540118577865,40.005970985660745,106.30557689214716
8.059999999999873,15.243799653912298,40.1581226845232,106.70639592900969
8.069999999999872,15.301276961474672,40.31084806760013,107.10873934583762
8.079999999999872,15.358972862328594,40.46414931671915,107.5126128903617
8.089999999999872,15.41688818066087,40.6180286219341,107.918022332172
8.099999999999872,15.475023743793297,40.77248818155637,108.32497346280037
8.109999999999872,15.533380382194467,40.92753020218631,108.73347209580314
8.119999999999871,15.591958929491621,41.08315689874474,109.14352406684411
8.129999999999871,15.650760222482564,41.23937049450461,109.55513523377803
8.139999999999871,15.709785101147602,41.396173221122766,109.9683114767342
8.14999999999987,15.769034408661554,41.55356731867181,110.38305869820049
8.15999999999987,15.828508991405776,41.71155503567215,110.79938282310765
8.16999999999987,15.888209698980257,41.87013862912408,111.21728979891395
8.17999999999987,15.948137384215743,42.029320364540055,111.63678559569014
8.18999999999987,16.00829290318593,42.18910251597706,112.05787620620475
8.19999999999987,16.068677115219682,42.34948736606909,112.48056764600967
8.20999999999987,16.129290882913295,42.510477206059754,112.90486595352613
8.21999999999987,16.19013507214283,42.672074335835035,113.33077719013086
8.229999999999869,16.251210552076458,42.83428106395613,113.75830744024282
8.239999999999869,16.312518195186907,42.99709970769245,114.18746281140999
8.249999999999869,16.374058877263877,43.160532593054704,114.61824943439667
8.259999999999868,16.43583347742658,43.324582054828156,115.05067346327108
8.269999999999868,16.497842878136296,43.48925043660597,115.48474107549323
8.279999999999868,16.560087965208943,43.6545400908227,115.9204584720032
8.289999999999868,16.62256962782776,43.82045337878788,116.35783187730969
8.299999999999867,16.685288758556005,43.9869926707198,116.79686753957897
8.309999999999867,16.748246253349667,44.15416034577933,117.2375717307241
8.319999999999867,16.811443011570304,44.32195879210393,117.67995074649455
8.329999999999867,16.874879935997868,44.49039040684177,118.12401090656617
8.339999999999867,16.938557932843594,44.65945759618597,118.56975855463138
8.349999999999866,17.002477911762952,44.829162775409,119.01720005848988
8.359999999999866,17.066640785868625,44.99950836889716,119.46634181013955
8.369999999999866,17.131047471743578,45.17049681018522,119.91719022586783
8.379999999999866,17.195698889454103,45.34213054199121,120.36975174634327
8.389999999999866,17.260595962563006,45.5144120162513,120.82403283670764
8.399999999999865,17.325739618142762,45.687343694154826,121.28003998666829
8.409999999999865,17.391130786788786,45.86092804617948,121.73777971059074
8.419999999999865,17.456770402632692,46.03516755212659,122.19725854759189
8.429999999999865,17.522659403355657,46.210064701156526,122.65848306163329
8.439999999999864,17.588798730201802,46.385621991824316,123.12145984161502
8.449999999999864,17.655189327991643,46.561841932115286,123.58619550146977
8.459999999999864,17.721832145135583,46.73872703948092,124.05269668025731
8.469999999999864,17.788728133647446,46.916279840874836,124.52097004225938
8.479999999999864,17.855878249158096,47.094502872788865,124.9910222770748
8.489999999999863,17.923283450929056,47.2733986812893,125.46286009971514
8.499999999999863,17.990944701866248,47.45296982205328,125.93649025070059
8.509999999999863,18.0588629685337,47.63321886040528,126.41191949615622
8.519999999999863,18.127039221167387,47.81414837135378,126.8891546279087
8.529999999999863,18.19547443368908,47.99576093962806,127.3682024635833
8.539999999999862,18.264169583720232,48.17805915971511,127.84906984670127
8.549999999999862,18.33312565259598,48.361045635896694,128.3317636467776
8.559999999999862,18.402343625379142,48.54472298228657,128.81629075941922
8.569999999999862,18.471824490874262,48.72909382286784,129.30265810642334
8.579999999999862,18.54156924164179,48.91416079153042,129.79087263587655
8.589999999999861,18.611578874012196,49.09992653210869,130.28094132225394
8.599999999999861,18.681854388100252,49.28639369841925,130.7728711665187
8.60999999999986,18.75239678781928,49.47356495429885,131.2666691962223
8.61999999999986,18.823207080895514,49.66144297364242,131.76234246560466
8.62999999999986,18.894286278882475,49.850030440441316,132.25989805569512
8.63999999999986,18.965635397175447,50.039330048821604,132.75934307441347
8.64999999999986,19.037255455025935,50.22934450308261,133.26068465667154
8.65999999999986,19.109147475556277,50.42007651773552,133.76392996447512
8.66999999999986,19.181312485774203,50.61152881754217,134.26908618702626
8.67999999999986,19.253751516587553,50.80370413755398,134.77616054082597
8.68999999999986,19.326465602818963,50.99660522315101,135.28516026977732
8.699999999999859,19.39945578322068,51.19023483008121,135.79609264528898
8.709999999999859,19.472723100489365,51.38459572449976,136.30896496637897
8.719999999999859,19.546268601281007,51.579690683008614,136.823784559779
8.729999999999858,19.620093336225864,51.77552249269615,137.34055878003915
8.739999999999858,19.69419835994349,51.972093951176994,137.85929500963292
8.749999999999858,19.768584731057754,52.169407866632,138.38000065906266
8.759999999999858,19.843253512212012,52.36746705784835,138.90268316696552
8.769999999999857,19.918205770084256,52.56627435425983,139.4273500002196
8.779999999999857,19.993442575402355,52.76583259598726,139.9540086540507
8.789999999999857,20.06896500295934,52.96614463387907,140.48266665213933
8.799999999999857,20.144774131628786,53.167213329552006,141.01333154672827
8.809999999999857,20.220871044380186,53.36904155543205,141.5460109187304
8.819999999999856,20.297256828294437,53.57163219479542,142.08071237783693
8.829999999999856,20.37393257457936,53.774988141809786,142.61744356262628
8.839999999999856,20.450899378585316,53.97911230157561,143.15621214067312
8.849999999999856,20.5281583398208,54.18400759016764,143.6970258086578
8.859999999999856,20.605710561968188,54.38967693467659,144.23989229247647
8.869999999999855,20.683557152899496,54.596123273250925,144.78481934735132
8.879999999999855,20.76169922469218,54.80334955513888,145.33181475794146
8.889999999999855,20.840137893645043,55.011358740730564,145.88088633845408
8.899999999999855,20.91887428029419,55.22015380160026,146.43204193275608
8.909999999999854,20.997909509428986,55.42973772054888,146.9852894144861
8.919999999999854,21.077244710108186,55.64011349164657,147.54063668716705
8.929999999999854,21.156881015676003,55.85128412027549,148.098091684319
8.939999999999854,21.23681956377835,56.06325262317276,148.65766236957253
8.949999999999854,21.317061496379058,56.27602202847355,149.21935673678246
8.959999999999853,21.397607959776177,56.48959537575433,149.783182810142
8.969999999999853,21.47846010461839,56.7039757160763,150.34914864429751
8.979999999999853,21.559619085921412,56.919166112029,150.9172623244635
8.989999999999853,21.641086063084508,57.13516963777403,151.4875319665381
8.999999999999853,21.722862199907055,57.351989379088984,152.05996571721903
9.009999999999852,21.80494866460514,57.569628433411545,152.63457175411992
9.019999999999852,21.887346629828283,57.78808990988371,153.2113582858873
9.029999999999852,21.97005727267617,58.00737692939623,153.7903335523176
9.039999999999852,22.053081774715455,58.227492624633186,154.3715058244752
9.049999999999851,22.136421321996668,58.448440140116745,154.95488340481026
9.059999999999851,22.22007710507113,58.670222632252084,155.54047462727752
9.069999999999851,22.304050319007963,58.89284326937248,156.1282878574553
9.07999999999985,22.38834216341119,59.11630523178457,156.718331492665
9.08999999999985,22.4729538424368,59.340611711813814,157.310613962091
9.09999999999985,22.557886564810055,59.56576591385005,157.90514372690126
9.10999999999985,22.64314154384265,59.791771054393315,158.50192928036802
9.11999999999985,22.728719997450106,60.01863036209978,159.10097914798914
9.12999999999985,22.814623148169158,60.24634707782787,159.70230188761002
9.13999999999985,22.900852223175207,60.47492445468459,160.30590608954572
9.14999999999985,22.98740845429985,60.704365758071965,160.91180037670372
9.15999999999985,23.07429307804849,60.934674265733705,161.51999340470718
9.169999999999849,23.161507335617976,61.165853267802035,162.13049386201843
9.179999999999849,23.249052472914357,61.3979060668447,162.74331047006322
9.189999999999849,23.33692974057067,61.63083597791212,163.3584519833553
9.199999999999848,23.425140393964796,61.8646463285848,163.97592718962144
9.209999999999848,23.513685693237406,62.09934045902081,164.595744909927
9.219999999999848,23.602566903309945,62.33492172200354,165.21791399880186
9.229999999999848,23.69178529390273,62.571393482989606,165.84244334436707
9.239999999999847,23.781342139553047,62.808759120156886,166.46934186846164
9.249999999999847,23.871238719633382,63.047022024452815,167.09861852677017
9.259999999999847,23.961476318369723,63.28618559964283,167.73028230895068
9.269999999999847,24.052056224859832,63.52625326235898,168.36434223876302
9.279999999999847,24.142979733091725,63.767228442148735,169.00080737419785
9.289999999999846,24.234248141962137,64.009114581524,169.63968680760598
9.299999999999846,24.325862755295063,64.25191513601028,170.28098966582832
9.309999999999846,24.417824881860387,64.49563357419606,170.92472511032616
9.319999999999846,24.510135835392607,64.74027337778233,171.57090233731222
9.329999999999846,24.602796934609554,64.98583804163233,172.2195305778818
9.339999999999845,24.695809503231263,65.23233107382154,172.87061909814489
9.349999999999845,24.789174869998867,65.4797559956877,173.52417719935826
9.359999999999845,24.882894368693588,65.72811634188116,174.18021421805864
9.369999999999845,24.976969338155776,65.9774156604154,174.8387395261959
9.379999999999844,25.071401122304053,66.2276575127177,175.49976253126695
9.389999999999844,25.166191070154497,66.47884547368,176.16329267645025
9.399999999999844,25.26134053583991,66.73098313170996,176.82933944074057
9.409999999999844,25.356850878629178,66.98407408878231,177.49791233908448
9.419999999999844,25.452723462946665,67.23812196049019,178.16902092251624
9.429999999999843,25.548959658391723,67.49313037609689,178.8426747782943
9.439999999999843,25.645560839758247,67.74910297858763,179.51888353003818
9.449999999999843,25.742528387054314,68.0060434247217,180.19765683786605
9.459999999999843,25.839863685521912,68.26395538508457,180.87900439853263
9.469999999999843,25.93756812565669,68.52284254414046,181.56293594556774
9.479999999999842,26.035643103227873,68.78270860028488,182.24946124941545
9.489999999999842,26.134090019298153,69.0435572658975,182.93859011757345
9.499999999999842,26.23291028024373,69.30539226739522,183.6303323947334
9.509999999999842,26.332105297774397,69.5682173452853,184.32469796292136
9.519999999999841,26.431676488953702,69.83203625421895,185.02169674163912
9.529999999999841,26.531625276219195,70.09685276304481,185.72133868800574
9.539999999999841,26.631953087402746,70.36267065486292,186.4236337969
9.54999999999984,26.732661355750942,70.6294937270787,187.12859210110298
9.55999999999984,26.833751519945558,70.89732579145718,187.83622367144156
9.56999999999984,26.935225024124115,71.16617067417752,188.54653861693214
9.57999999999984,27.037083317900496,71.43603221588765,189.25954708492512
9.58999999999984,27.139327856385677,71.70691427175908,189.9752592612499
9.59999999999984,27.24196010020849,71.97882071154204,190.6936853703603
9.60999999999984,27.3449815155365,72.25175541962076,191.41483567548073
9.61999999999984,27.448393574096944,72.52572229506893,192.1387204787527
9.62999999999984,27.55219775319777,72.8007252517054,192.8653501213821
9.639999999999839,27.65639553574872,73.07676821815014,193.59473498378682
9.649999999999839,27.76098841028252,73.35385513788029,194.3268854857451
9.659999999999838,27.865977870976145,73.63198996928658,195.06181208654442
9.669999999999838,27.97136541767217,73.91117668572981,195.79952528513084
9.679999999999838,28.07715255590019,74.19141927559768,196.540035620259
9.689999999999838,28.183340796898328,74.47272174236167,197.28335367064278
9.699999999999838,28.289931657634806,74.75508810463434,198.02949005510624
9.709999999999837,28.396926660829653,75.03852239622667,198.77845543273546
9.719999999999837,28.504327334976423,75.3230286662057,199.53026050303077
9.729999999999837,28.61213521436404,75.6086109789524,200.28491600605958
9.739999999999837,28.720351839098733,75.89527341421972,201.04243272260982
9.749999999999837,28.828978755125995,76.18302006719084,201.80282147434394
9.759999999999836,28.93801751425272,76.47185504853773,202.5660931239536
9.769999999999836,29.04746967416933,76.76178248447984,203.3322585753147
9.779999999999836,29.15733679847205,77.05280651684305,204.10132877364322
9.789999999999836,29.26762045668522,77.34493130311884,204.87331470565158
9.799999999999836,29.378322224283743,77.63816101652368,205.6482273997056
9.809999999999835,29.489443682715585,77.93249984605868,206.42607792598204
9.819999999999835,29.600986419424355,78.22795199656937,207.20687739662677
9.829999999999835,29.712952027871985,78.52452168880586,207.99063696591344
9.839999999999835,29.825342107561497,78.82221315948303,208.77736783040288
9.849999999999834,29.93815826405985,79.12103066134114,209.56708122910308
9.859999999999834,30.0514021090209,79.42097846320654,210.3597884436297
9.869999999999834,30.165075260208358,79.72206085005269,211.15550079836723
9.879999999999834,30.27917934151898,80.02428212306133,211.95422966063077
9.889999999999834,30.39371598300571,80.32764659968394,212.75598644082848
9.899999999999833,30.508686820900984,80.63215861370348,213.56078259262446
9.909999999999833,30.624093497640104,80.93782251529619,214.36862961310254
9.919999999999833,30.739937661884703,81.24464267109381,215.17953904293037
9.929999999999833,30.8562209685463,81.55262346424597,215.9935224665244
9.939999999999833,30.972945078809914,81.86176929448276,216.8105915122153
9.949999999999832,31.090111660157838,82.17208457817759,217.63075785241406
9.959999999999832,31.207722386393424,82.48357374841035,218.45403320377886
9.969999999999832,31.325778937665007,82.79624125503064,219.28042932738228
9.979999999999832,31.44428300048991,83.11009156472142,220.10995802887948
9.989999999999831,31.563236267778528,83.42512916106276,220.94263115867673
