t,a2,v2,r2
0.0,0.05336,23099.783548769457,10000000000.0
13600.095632745215,0.05335998700563043,23099.78073680316,10000001217.613564
27200.19126549043,0.053359948035390875,23099.772303685044,10000004869.251038
40800.286898235645,0.053359883127876116,23099.758257754656,10000010951.30396
54400.38253098086,0.05335979234736769,23099.73861290201,10000019457.762217
68000.47816372607,0.05335967578376971,23099.71338855377,10000030380.219992
81600.57379647129,0.05335953355251882,23099.68260965391,10000043707.884117
95200.6694292165,0.05335936579446853,23099.64630663889,10000059427.58479
108800.76506196172,0.053359172675748245,23099.604515407336,10000077523.78864
122400.86069470693,0.053358954387597086,23099.557277284344,10000097978.614138
136000.95632745215,0.053358711146172376,23099.504638980332,10000120771.84935
149601.05196019736,0.053358443192333245,23099.446652544568,10000145880.971994
163201.14759294258,0.0533581507913998,23099.383375313362,10000173281.171785
176801.2432256878,0.05335783423288752,23099.314869853035,10000202945.375053
190401.338858433,0.05335749383021766,23099.241203897636,10000234844.27161
204001.43449117822,0.05335712992040383,23099.16245028162,10000268946.343824
217601.53012392344,0.05335674286371497,23099.078686867335,10000305217.897884
231201.62575666865,0.05335633304331507,23098.98999646763,10000343623.097233
244801.72138941387,0.05335590086488024,23098.896466763472,10000384123.998098
258401.81702215908,0.053355446756193255,23098.79819021678,10000426680.587137
272001.9126549043,0.05335497116671612,23098.695263978505,10000471250.821115
285602.0082876495,0.0533544745671412,23098.58778979203,10000517790.668585
299202.1039203947,0.05335395744892102,23098.475873892083,10000566254.153559
312802.19955313986,0.053353420323777656,23098.35962689916,10000616593.401081
326402.29518588504,0.05335286372319213,23098.239163709604,10000668758.68468
340002.3908186302,0.05335228819787388,23098.11460338149,10000722698.475668
353602.4864513754,0.053351694317211595,23097.986069016373,10000778359.494194
367202.5820841206,0.05335108266870534,23097.853687637038,10000835686.762049
380802.6777168658,0.053350453857380964,23097.7175900614,10000894623.65713
394402.773349611,0.05334980850518714,23097.577910772656,10000955111.969538
408002.86898235616,0.053349147250375775,23097.434787785824,10001017091.959234
421602.96461510134,0.05334847074686647,23097.28836251079,10001080502.415203
435203.06024784653,0.0533477796635956,23097.138779612065,10001145280.716063
448803.1558805917,0.05334707468385053,23096.986186865295,10001211362.892067
462403.2515133369,0.05334635650459005,23096.830735010724,10001278683.688435
476003.3471460821,0.05334562583575133,23096.672577603807,10001347176.629929
489603.4427788273,0.05334488339954438,23096.511870863,10001416774.086641
503203.53841157246,0.05334412992973435,23096.348773514983,10001487407.340918
516803.63404431765,0.05334336617091298,23096.18344663744,10001559006.655325
530403.7296770628,0.053342592877759276,23096.016053499527,10001631501.341646
544003.825309808,0.05334181081429086,23095.846759400243,10001704819.83077
557603.9209425532,0.05334102075310593,23095.675731504816,10001778889.743473
571204.0165752984,0.05334022347461759,23095.503138679265,10001853637.961958
584804.1122080436,0.05333941976628011,23095.32915132337,10001928990.70214
598404.2078407888,0.0533386104218092,23095.153941202116,10002004873.58656
612004.303473534,0.05333779624039608,23094.97768127589,10002081211.717863
625604.3991062791,0.05333697802591645,23094.800545529488,10002157929.752808
639204.4947390243,0.05333615658613543,23094.622708800205,10002234951.976671
652804.5903717695,0.053335332731908706,23094.444346605072,10002312202.37803
666404.6860045147,0.053334507276381386,23094.265634967534,10002389604.7238
680004.7816372599,0.05333368103418464,23094.08675024364,10002467082.634493
693604.8772700051,0.053332854820631236,23093.907868947947,10002544559.65961
707204.9729027502,0.05333202945091102,23093.729167579328,10002621959.353079
720805.0685354954,0.05333120573928671,23093.550822446858,10002699205.348675
734405.1641682406,0.05333038449829114,23093.373009495906,10002776221.435349
748005.2598009858,0.05332956653792615,23093.19590413466,10002852931.632404
761605.355433731,0.053328752664865024,23093.019681061203,10002929260.264406
775205.4510664762,0.05332794368165804,23092.844514091383,10003005132.035791
788805.5466992214,0.053327140385942585,23092.670575987522,10003080472.10509
802405.6423319665,0.05332634356965847,23092.498038288308,10003155206.158686
816005.7379647117,0.05332555401826932,23092.327071139844,10003229260.484041
829605.8335974569,0.053324772509990584,23092.15784312819,10003302562.042309
843205.9292302021,0.053323999815024836,23091.990521113417,10003375038.540287
856806.0248629473,0.05332323669480566,23091.82527006547,10003446618.501604
870406.1204956925,0.053322483901250224,23091.662252901882,10003517231.337103
884006.2161284377,0.05332174217602141,23091.501630327577,10003586807.414343
897606.3117611828,0.05332101224980068,23091.343560676865,10003655278.12612
911206.407393928,0.05332029484157167,23091.188199757835,10003722575.958006
924806.5030266732,0.05331959065791576,23091.035700699253,10003788634.55477
938406.5986594184,0.05331890039231986,23090.886213800128,10003853388.785666
952006.6942921636,0.05331822472449768,23090.739886382104,10003916774.80849
965606.7899249088,0.05331756431972418,23090.59686264479,10003978730.132391
979206.885557654,0.05331691982818503,23090.45728352422,10004039193.679293
992806.9811903992,0.053316291884340526,23090.321286554517,10004098105.843971
1006407.0768231443,0.05331568110630557,23090.18900573295,10004155408.552633
1020007.1724558895,0.05331508809524536,23090.060571388465,10004211045.320017
1033607.2680886347,0.053314513434788435,23089.93611005386,10004264961.304882
1047207.3637213799,0.05331395769045647,23089.815744341708,10004317103.36392
1060807.4593541252,0.053313421409112355,23089.699592824145,10004367420.103958
1074407.5549868704,0.05331290511842651,23089.587769916634,10004415861.932446
1088007.6506196156,0.05331240932636189,23089.480385765833,10004462381.106182
1101607.7462523608,0.05331193452067887,23089.377546141677,10004506931.778189
1115207.841885106,0.05331148116845934,23089.279352333717,10004549470.042751
1128807.9375178511,0.0533110497156517,23089.18590105194,10004589953.978518
1142408.0331505963,0.05331064058663602,23089.09728433204,10004628343.68967
1156008.1287833415,0.053310254183810794,23089.01358944528,10004664601.345083
1169608.2244160867,0.05330989088720085,23088.93489881305,10004698691.215466
1183208.3200488319,0.05330955105408732,23088.861289926186,10004730579.708433
1196808.415681577,0.05330923501865981,23088.792835269098,10004760235.401472
1210408.5113143222,0.053308943091691124,23088.729602248848,10004787629.072779
1224008.6069470674,0.0533086755602347,23088.67165312917,10004812733.729942
1237608.7025798126,0.05330843268734542,23088.61904496955,10004835524.636421
1251208.7982125578,0.053308214711823516,23088.571829569384,10004855979.335827
1264808.893845303,0.053308021847982535,23088.530053417315,10004874077.673943
1278408.9894780482,0.05330785428544067,23088.49375764575,10004889801.818504
1292009.0851107934,0.05330771218893638,23088.462977990614,10004903136.2767
1305609.1807435385,0.05330759569816831,23088.437744756415,10004914067.91035
1319209.2763762837,0.053307504927659344,23088.41808278658,10004922585.948822
1332809.372009029,0.053307439966645255,23088.40401143916,10004928681.999575
1346409.467641774,0.05330740087898806,23088.395544567935,10004932350.056396
1360009.5632745193,0.053307387703113815,23088.3926905088,10004933586.5053
1373609.6589072645,0.05330740045197542,23088.395452071665,10004932390.128061
1387209.7545400097,0.05330743911303975,23088.40382653769,10004928762.103424
1400809.8501727548,0.05330750364830013,23088.41780566195,10004922706.005934
1414409.9458055,0.05330759399431315,23088.437375681464,10004914227.802433
1428010.0414382452,0.05330771006226031,23088.462517328717,10004903335.846216
1441610.1370709904,0.053307851738034435,23088.493205850453,10004890040.868828
1455210.2327037356,0.053308018882350594,23088.529411031894,10004874355.96954
1468810.3283364808,0.0533082113308815,23088.571097226322,10004856296.602497
1482410.423969226,0.053308428894417455,23088.618223389913,10004835880.561558
1496010.5196019711,0.05330867135905009,23088.670743121904,10004813127.962845
1509610.6152347163,0.05330893848638064,23088.728604709973,10004788061.225
1523210.7108674615,0.05330923001375181,23088.79175118085,10004760705.047192
1536810.8065002067,0.05330954565450325,23088.860120356047,10004731086.384882
1550410.902132952,0.053309885098250485,23088.933644912715,10004699234.423376
1564010.997765697,0.053310248011187125,23089.012252449502,10004665180.549177
1577611.0933984423,0.053310634036409565,23089.095865557454,10004628958.319195
1591211.1890311874,0.053311042794264726,23089.184401895756,10004590603.427794
1604811.2846639326,0.053311473882719604,23089.27777427235,10004550153.67177
1618411.3802966778,0.05331192687775289,23089.375890729312,10004507648.913244
1632011.475929423,0.053312401333767995,23089.478654632905,10004463131.040531
1645611.5715621682,0.053312896784027494,23089.585964768212,10004416643.927004
1659211.6671949134,0.05331341274110796,23089.697715438277,10004368233.388016
1672811.7628276586,0.05331394869737513,23089.81379656768,10004317947.135914
1686411.8584604037,0.053314504125479195,23089.934093810374,10004265834.73317
1700011.954093149,0.05331507847886908,23090.05848866177,10004211947.543703
1713612.0497258941,0.05331567119232611,23090.186858574885,10004156338.68241
1727212.1453586393,0.05331628168251542,23090.319077080498,10004099062.96299
1740812.2409913845,0.053316909348555944,23090.455013911174,10004040176.844074
1754412.3366241297,0.05331755357260715,23090.594535129014,10003979738.373745
1768012.4322568749,0.05331821372047299,23090.737503257078,10003917807.132473
1781612.52788962,0.05331888914222181,23090.883777414256,10003854444.174547
1795212.6235223652,0.053319579172821874,23091.033213453557,10003789711.96805
1808812.7191551104,0.053320283132792065,23091.185664103603,10003723674.333424
1822412.8147878556,0.053321000328866795,23091.340979113247,10003656396.380707
1836012.9104206008,0.0533217300546749,23091.49900539912,10003587944.445484
1849613.006053346,0.05332247159143128,23091.659587196038,10003518386.023628
1863213.1016860912,0.053323224208641495,23091.82256621005,10003447789.704878
1876813.1973188363,0.0533239871648176,23091.987781774005,10003376225.105345
1890413.2929515815,0.05332475970820538,23092.155071005527,10003303762.79899
1904013.3885843267,0.05332554107752208,23092.32426896718,10003230474.24813
1917613.484217072,0.0533263305027034,23092.49520882869,10003156431.733091
1931213.579849817,0.05332712720565976,23092.667722031096,10003081708.281013
1944813.6754825623,0.053327930401040675,23092.841638452635,10003006377.59393
1958413.7711153075,0.05332873929700672,23093.016786576205,10002930513.976143
1972013.8667480526,0.053329553096007974,23093.192993658253,10002854192.261026
1985613.9623807978,0.05333037099556877,23093.370085898907,10002777487.73726
1999214.058013543,0.053331192189077364,23093.547888613222,10002700476.074625
2012814.1536462882,0.053332015866580165,23093.726226403312,10002623233.2494
2026414.2492790334,0.05333284121557962,23093.90492333125,10002545835.469442
2040014.3449117786,0.053333667421835,23094.083803092548,10002468359.099033
2053614.4405445238,0.05333449367016524,23094.26268919004,10002390880.58354
2067214.536177269,0.05333531914525301,23094.44140510802,10002313476.374002
2080814.6318100141,0.05333614303244944,23094.619774486426,10002236222.851685
2094414.7274427593,0.05333696451857846,23094.79762129492,10002159196.252695
2108014.8230755045,0.053337782792740186,23094.974770006716,10002082472.592714
2121614.91870825,0.053338597047112024,23095.15104577193,10002006127.591965
2135215.0143409953,0.053339406477747806,23095.326274590327,10001930236.600409
2148815.1099737408,0.05334021028537265,23095.500283483256,10001854874.523348
2162415.205606486,0.05334100767617446,23095.67290066466,10001780115.747395
2176015.3012392316,0.05334179786258926,23095.843955710905,10001706034.067013
2189615.396871977,0.05334258006408183,23096.01327972934,10001632702.611551
2203215.4925047224,0.05334335350791897,23096.18070552539,10001560193.772987
2216815.588137468,0.05334411742993553,23096.346067767972,10001488579.134352
2230415.6837702133,0.0533448710752926,23096.50920315319,10001417929.398941
2244015.7794029587,0.05334561369922627,23096.669950565953,10001348314.32041
2257615.875035704,0.0533463445677871,23096.82815123957,10001279802.633764
2271215.9706684495,0.053347062958568905,23096.983648913018,10001212461.987377
2284816.066301195,0.0533477681614266,23097.136289985734,10001146358.87604
2298416.1619339404,0.05334845947918199,23097.28592366987,10001081558.575165
2312016.257566686,0.05334913622831684,23097.432402139762,10001018125.076187
2325616.353199431,0.05334979773965306,23097.57558067848,10000956121.023201
2339216.4488321766,0.05335044335901838,23097.715317821378,10000895607.650948
2352816.544464922,0.05335107244789752,23097.85147549639,10000836644.724186
2366416.6400976675,0.05335168438406823,23097.983919161066,10000779290.478489
2380016.735730413,0.05335227856222102,23098.11251793604,10000723601.56257
2393616.8313631583,0.05335285439456228,23098.237144734976,10000669632.982168
2407216.9269959037,0.05335341131140032,23098.357676390733,10000617438.04554
2420817.022628649,0.053353948761713545,23098.473993777665,10000567068.310638
2434417.1182613946,0.053354466213699846,23098.585981929922,10000518573.534027
2448017.21389414,0.05335496315530748,23098.693530155688,10000472001.621548
2461617.3095268854,0.05335543909474591,23098.796532147117,10000427398.58085
2475217.405159631,0.05335589356097704,23098.894886086007,10000384808.475765
2488817.500792376,0.053356326104185385,23098.98849474497,10000344273.382626
2502417.5964251217,0.05335673629622759,23099.07726558408,10000305833.348537
2516017.692057867,0.05335712373106,23099.161110842902,10000269526.351675
2529617.7876906125,0.05335748802514459,23099.23994762772,10000235388.263603
2543217.883323358,0.053357828817832374,23099.31369799398,10000203452.813702
2556817.9789561033,0.05335814577172389,23099.382289023826,10000173751.555708
2570418.0745888487,0.05335843857300657,23099.445652898616,10000146313.83642
2584018.170221594,0.05335870693176873,23099.503726966395,10000121166.766571
2597618.2658543396,0.053358950582289594,23099.556453804216,10000098335.193932
2611218.361487085,0.053359169283304954,23099.603781275295,10000077841.678665
2624818.4571198304,0.053359362818248844,23099.645662580875,10000059706.470928
2638418.552752576,0.05335953099547007,23099.682056306803,10000043947.490786
2652018.6483853213,0.053359673648424116,23099.712926464752,10000030580.310427
2665618.7440180667,0.053359790635839933,23099.73824252803,10000019618.138697
2679218.839650812,0.05335988184186117,23099.757979461978,10000011071.808008
2692818.9352835575,0.053359947176162395,23099.77211774887,10000004949.76357
2706419.030916303,0.05335998657403931,23099.78064340736,10000001258.055025
2720019.1265490483,0.05335999999647369,23099.78354800639,10000000000.330425
2733619.222181794,0.05335998743017244,23099.78082867359,10000001177.832626
2747219.317814539,0.05335994888758078,23099.772488098108,10000004789.398046
2760819.4134472846,0.05335988440686986,23099.75853452799,10000010831.457829
2774419.50908003,0.05335979405189868,23099.738981761915,10000019298.041368
2788019.6047127754,0.05335967791214987,23099.71384913549,10000030180.782259
2801619.700345521,0.05335953610264032,23099.683161501984,10000043468.926579
2815219.7959782663,0.053359368763806,23099.6469492076,10000059149.34357
2828819.8916110117,0.05335917606136122,23099.605248061285,10000077206.538681
2842419.987243757,0.05335895818613296,23099.558099299054,10000097622.668924
2856020.0828765025,0.05335871535386973,23099.505549542984,10000120377.560598
2869620.178509248,0.05335844780502568,23099.447650754795,10000145448.729303
2883220.2741419934,0.053358155804520024,23099.384460184156,10000172811.40225
2896820.369774739,0.053357839641471984,23099.316040311718,10000202438.542843
2910420.465407484,0.05335749962891153,23099.242458786957,10000234300.8775
2924020.5610402296,0.05335713610346626,23099.163788360864,10000268366.924711
2937620.656672975,0.05335674942502494,23099.080106813588,10000304603.026243
2951220.7523057205,0.053356339976377384,23098.991496877083,10000342973.380556
2964820.847938466,0.05335590816283214,23098.89804615282,10000383440.07829
2978420.9435712113,0.05335545441181125,23098.79984702469,10000425963.139877
2992021.0392039567,0.05335497917242316,23098.696996567174,10000470500.555185
3005621.134836702,0.05335448291501428,23098.589596448815,10000517008.325172
3019221.2304694476,0.05335396613069902,23098.4777528312,10000565440.50552
3032821.326102193,0.05335342933086978,23098.361576263458,10000615749.252169
3046421.4217349384,0.05335287304668624,23098.24118157241,10000667884.868755
3060021.517367684,0.05335229782854548,23098.11668774853,10000721795.855871
3073621.6130004292,0.05335170424553313,23097.988217827733,10000777428.962086
3087221.7086331747,0.053351092884855525,23097.855898769227,10000834729.236732
3100821.80426592,0.0533504643512547,23097.71986132946,10000893640.084335
3114421.8998986655,0.05334981926640552,23097.58023993232,10000954103.32069
3128021.995531411,0.05334915826829645,23097.437172535738,10001016059.230488
3141622.0911641563,0.053348482010594264,23097.29080049482,10001079446.626453
3155222.1867969017,0.053347791161993265,23097.141268421612,10001144202.90994
3168822.282429647,0.05334708640554992,23096.988724041683,10001210264.132908
3182422.3780623926,0.053346368438003396,23096.83331804766,10001277565.061218
3196022.473695138,0.05334563796908277,23096.67520394984,10001346039.23921
3209622.5693278834,0.05334489572080168,23096.514537924053,10001415619.055454
3223222.664960629,0.05334414242674074,23096.35147865694,10001486235.809671
3236822.7605933743,0.05334337883131937,23096.186187188738,10001557819.780666
3250422.8562261197,0.05334260568905641,23096.018826753814,10001630300.295324
3264022.951858865,0.0533418237638218,23095.84956261905,10001703605.79847
3277623.0474916105,0.0533410338280786,23095.67856192026,10001777663.923647
3291223.143124356,0.05334023666211732,23095.5059934968,10001852401.564646
3304823.2387571014,0.053339433053282675,23095.332027724548,10001927744.947763
3318423.334389847,0.053338623795193524,23095.156836347367,10002003619.70472
3332023.430022592,0.053337809686957234,23094.980592307344,10002079950.946133
3345623.5256553376,0.05333699153237882,23094.803469573788,10002156663.3355
3359223.621288083,0.05333617013916578,23094.625642971336,10002233681.163616
3372823.7169208284,0.05333534631812945,23094.447288007243,10002310928.42333
3386423.812553574,0.05333452088238369,23094.268580698015,10002388328.884604
3400023.9081863193,0.05333369464654161,23094.089697395622,10002465806.169754
3413624.0038190647,0.05333286842591141,23093.91081461342,10002543283.828835
3427224.09945181,0.05333204303569139,23093.732108851964,10002620685.415092
3440824.1950845555,0.05333121929016609,23093.55375642486,10002697934.560375
3454424.290717301,0.053330398001903236,23093.37593328487,10002774955.050474
3468024.3863500464,0.05332957998095301,23093.19881485044,10002851670.900282
3481624.481982792,0.05332876603404987,23093.022575832743,10002928006.428734
3495224.577615537,0.05332795696381838,23092.847390063547,10003003886.333406
3508824.6732482826,0.05332715356798327,23092.673430323917,10003079235.764753
3522424.768881028,0.05332635663858455,23092.500868174066,10003153980.399866
3536024.8645137735,0.0533255669611988,23092.329873784394,10003228046.515715
3549624.960146519,0.05332478531416701,23092.16061576801,10003301361.061773
3563225.0557792643,0.053324012467829925,23091.993261014755,10003373851.731977
3576825.1514120097,0.053323249183771744,23091.82797452703,10003445447.035923
3590425.247044755,0.053322496214072285,23091.664919257477,10003516076.36928
3604025.3426775006,0.05332175430056933,23091.504255948745,10003585670.083284
3617625.438310246,0.053321024174131045,23091.346142975475,10003654159.553297
3631225.5339429914,0.0533203065539395,23091.19073618861,10003721477.246347
3644825.629575737,0.053319602146786,23091.03818876228,10003787556.787577
3658425.7252084822,0.05331891164637876,23090.88865104331,10003852333.025545
3672025.8208412277,0.05331823573266373,23090.742270403567,10003915742.096313
3685625.916473973,0.05331757507115901,23090.599191095247,10003977721.486267
3699226.0121067185,0.0533169303123041,23090.45955410927,10004038210.093567
3712826.107739464,0.05331630209082336,23090.32349703691,10004097148.288248
3726426.2033722093,0.053315691025105826,23090.191153934753,10004154477.970829
3740026.2990049548,0.05331509771660081,23090.06265519323,10004210142.62942
3753626.3946377,0.05331452274923031,23089.93812740868,10004264087.395262
3767226.4902704456,0.053313966688818826,23089.81769325925,10004316259.09665
3780826.585903191,0.05331343008254101,23089.701471384575,10004366606.311163
3794426.6815359364,0.05331291345838758,23089.589576269507,10004415079.416197
3808026.777168682,0.053312417324650266,23089.482118131917,10004461630.637697
3821626.8728014273,0.05331194216942606,23089.379202814674,10004506214.097084
3835226.9684341727,0.053311488460141304,23089.280931681962,10004548785.856308
3848827.064066918,0.05331105664309606,23089.187401519983,10004589303.96099
3862427.1596996635,0.053310647143029063,23089.098704442164,10004627728.481628
3876027.255332409,0.053310260362704164,23089.01492779896,10004664021.552776
3889627.3509651544,0.053309896682517836,23088.936154092316,10004698147.41023
3903227.4465979,0.05330955646012871,23088.862460894918,10004730072.426132
3916827.542230645,0.05330924003010945,23088.793920774235,10004759765.141972
3930427.6378633906,0.05330894770362112,23088.73060122151,10004787196.299454
3944027.733496136,0.053308679768110184,23088.672564585708,10004812338.869225
3957627.8291288815,0.05330843648702903,23088.61986801251,10004835168.077377
3971227.924761627,0.05330821809957936,23088.572563388385,10004855661.42978
3984828.0203943723,0.053308024820479825,23088.53069728984,10004873798.734125
3998428.1160271177,0.053307856839756966,23088.49431093785,10004889562.119755
4012028.211659863,0.05330771432256042,23088.46344015754,10004902936.05519
4025628.3072926085,0.053307597409002525,23088.43811534313,10004913907.363354
4039228.402925354,0.05330750621402178,23088.41836142823,10004922465.234522
4052828.4985580994,0.05330744082727134,23088.404197861415,10004928601.236904
4066428.594190845,0.053307401313031695,23088.395638587248,10004932309.32493
4080028.68982359,0.053307387710148355,23088.39269203261,10004933585.845167
4093628.7854563356,0.05330740003199389,23088.39536109847,10004932429.539913
4107228.881089081,0.053307438266455065,23088.403643157057,10004928841.54843
4120828.9767218265,0.05330750237594453,23088.417530054416,10004922825.405819
4134429.072354572,0.053307592297437464,23088.437008118384,10004914387.039558
4148029.1679873173,0.053307707942532735,23088.462058171972,10004903534.76369
4161629.2636200627,0.05330784919753891,23088.492655552105,10004890279.270662
4175229.359252808,0.05330801592358476,23088.52877013376,10004874633.62084
4188829.4548855536,0.053308207956754325,23088.570366359414,10004856613.229694
4202429.5505182985,0.0533084251082463,23088.617403273834,10004836235.85268
4216029.6461510435,0.05330866716455755,23088.669834564156,10004813521.56782
4229629.741783788,0.05330893388769095,23088.72760860516,10004788492.755997
4243229.837416533,0.053309225015386784,23088.790668509795,10004761174.079004
4256829.933049278,0.053309540261377915,23088.858952184837,10004731592.455343
4270430.028682023,0.0533098793156683,23088.93239239165,10004699777.033815
4284030.124314768,0.05331024184483474,23089.010916811996,10004665759.16491
4297630.219947513,0.053310627492351374,23089.094448118798,10004629572.370043
4311230.315580258,0.053311035878936965,23089.182904051835,10004591252.308647
4324830.411213003,0.05331146660292398,23089.276197498297,10004550836.743185
4338430.506845748,0.05331191924065009,23089.374236578045,10004508365.502064
4352030.602478493,0.053312393346870636,23089.476924733608,10004463880.44055
4365630.698111238,0.05331288845519281,23089.584160824736,10004417425.39966
4379230.793743983,0.05331340407853011,23089.695839227486,10004369046.16312
4392830.889376728,0.053313939709577256,23089.8118499377,10004318790.412403
4406430.985009473,0.0533144948213051,23089.93207867878,10004266707.679892
4420031.080642218,0.05331506886747462,23090.05640701371,10004212849.300234
4433631.176274963,0.053315661283170133,23090.184712461134,10004157268.359905
4447231.271907708,0.053316271485350716,23090.316868615446,10004100019.64505
4460831.367540453,0.053316898873419616,23090.452745270748,10004041159.587648
4474431.463173198,0.053317542829810785,23090.592208548558,10003980746.21006
4488031.558805943,0.05331820272059265,23090.73512102914,10003918839.067982
4501631.6544386875,0.05331887789608762,23090.881341886357,10003855499.191908
4515231.750071432,0.05331956769150749,23091.030727025875,10003790789.027126
4528831.845704177,0.05332027142760376,23091.183129226618,10003724772.372309
4542431.941336922,0.053320988411332565,23091.33839828533,10003657514.316763
4556032.036969667,0.05332171793653297,23091.4963811641,10003589081.17641
4569632.132602412,0.053322459284618706,23091.65692214068,10003519540.428549
4583232.228235157,0.05332321172528243,23091.81986296151,10003448960.645443
4596832.323867902,0.053323974517211443,23091.985042997276,10003377411.426847
4610432.419500647,0.05332474690881473,23092.152299400794,10003304963.331505
4624032.515133392,0.05332552813896043,23092.32146726717,10003231687.807667
4637632.610766137,0.053326317437722794,23092.492379795985,10003157657.122759
4651232.706398882,0.05332711402713828,23092.66486845542,10003082944.2922
4664832.802031627,0.05332791712196979,23092.8387631481,10003007623.007492
4678432.897664372,0.053328725930478424,23093.013892378538,10002931767.563614
4692032.993297117,0.053329539655202096,23093.190083422014,10002855452.78581
4705633.088929862,0.05333035749373986,23093.367162494676,10002778753.955866
4719233.184562607,0.05333117863954165,23093.54495492476,10002701746.737886
4732833.280195352,0.053332002282702455,23093.723285324726,10002624507.10371
4746433.375828097,0.05333282761076018,23093.901977764137,10002547111.25799
4760033.471460842,0.05333365380949634,23094.080855943143,10002469635.563032
4773633.567093587,0.05333448006373882,23094.25974336634,10002392156.463484
4787233.6627263315,0.053335305558165985,23094.438463516908,10002314750.410904
4800833.758359076,0.0533361294781115,23094.61684003082,10002237493.788315
4814433.853991821,0.05333695101036848,23094.794696870893,10002160462.834827
4828033.949624566,0.053337769343993015,23094.971858500638,10002083733.570362
4841634.045257311,0.053338583671105416,23095.148150057623,10002007381.720613
4855234.140890056,0.05333939318768915,23095.32339752622,10001931482.642248
4868834.236522801,0.05334019709438607,23095.497427909566,10001856111.248487
4882434.332155546,0.053340994597287535,23095.670069400574,10001781341.935097
4896034.427788291,0.05334178490872043,23095.8411515518,10001707248.506878
4909634.523421036,0.05334256724802747,23096.01050544402,10001633904.104725
4923234.619053781,0.053343340842340645,23096.177963853337,10001561381.133345
4936834.714686526,0.0533441049273476,23096.343361416646,10001489751.189665
4950434.810319271,0.053344858748049624,23096.506534795335,10001419084.992046
4964034.905952016,0.05334560155951084,23096.667322836965,10001349452.310347
4977635.001584761,0.05334633262759771,23096.825566734882,10001280921.89691
4991235.097217506,0.05334705122970817,23096.981110185523,10001213561.418545
5004835.192850251,0.05334775665548931,23097.13379954326,10001147437.389587
5018435.288482996,0.053348448207543676,23097.283483972697,10001082615.106066
5032035.384115741,0.05334912520212251,23097.430015598173,10001019158.581078
5045635.479748486,0.0533497869698061,23097.573249650388,10000957130.481417
5059235.575381231,0.053350432856169576,23097.713044609965,10000896592.06554
5072835.6710139755,0.05335106222243464,23097.849262347845,10000837603.1229
5086435.7666467205,0.05335167444610559,23097.981768262336,10000780221.914732
5100035.862279465,0.05335226892158936,23098.110431412675,10000724505.116348
5113635.95791221,0.05335284506079904,23098.23512464901,10000670507.760996
5127236.053544955,0.05335340229374009,23098.355724738645,10000618283.18533
5140836.1491777,0.05335394006907888,23098.47211248838,10000567882.976551
5154436.244810445,0.053354457854692346,23098.584172862917,10000519356.9213
5168036.34044319,0.053354955138199156,23098.691795099123,10000472752.956303
5181636.436075935,0.053355431427471074,23098.794872816074,10000428117.120842
5195236.53170868,0.053355886251124286,23098.89330412078,10000385493.51113
5208836.627341425,0.05335631915898997,23098.986991709426,10000344924.236584
5222436.72297417,0.05335672972256426,23099.07584296413,10000306449.378063
5236036.818606915,0.05335711753543611,23099.159770044993,10000270106.948133
5249636.91423966,0.053357482213693665,23099.238689977454,10000235932.853352
5263237.009872405,0.053357823396307826,23099.312524734796,10000203960.858667
5276837.10550515,0.05335814074549338,23099.381201315755,10000174222.553915
5290437.201137895,0.05335843394704662,23099.44465181713,10000146747.322487
5304037.29677064,0.05335870271065977,23099.50281350134,10000121562.312172
5317637.392403385,0.05335894677021129,23099.55562885883,10000098692.408228
5331237.48803613,0.05335916588403215,23099.603045665295,10000078160.208683
5344837.583668875,0.05335935983514762,23099.64501703366,10000059986.001923
5358437.6793016195,0.053359528431494566,23099.681501460727,10000044187.74654
5372037.7749343645,0.05335967150611342,23099.712462868483,10000030781.053532
5385637.870567109,0.05335978891731565,23099.737870640005,10000019779.170784
5399237.966199854,0.0533598805488252,23099.75769964996,10000011192.969954
5412838.061832599,0.05335994630989532,23099.771930289564,10000005030.935644
5426438.157465344,0.053359986135399065,23099.780548486142,10000001299.157013
5440038.253098089,0.05335999998589466,23099.78354571713,10000000001.321714
5453638.348730834,0.05335998784766508,23099.780919018543,10000001138.712236
5467238.444363579,0.053359949732731615,23099.772670987946,10000004710.204638
5480838.539996324,0.05335988567884193,23099.758809781844,10000010712.269655
5494438.635629069,0.053359795749432296,23099.739349107585,10000019138.976208
5508038.731261814,0.05335968003356385,23099.714308209714,10000029981.997295
5521638.826894559,0.053359538645833815,23099.68371185079,10000043230.618242
5535238.922527304,0.0533593717262604,23099.647590286775,10000058871.74735
5548839.018160049,0.05335917944014296,23099.605979236883,10000076889.928877
5562439.113792794,0.05335896197789614,23099.558919848074,10000097267.35839
5576039.209425539,0.053358719554859636,23099.50645865404,10000119983.900425
5589639.305058284,0.05335845241108255,23099.44864752896,10000145017.108467
5603239.400691029,0.05335816081108319,23099.385543635846,10000172342.24723
5616839.496323774,0.053357845043584325,23099.317209369663,10000201932.317204
5630439.591956519,0.05335750542122459,23099.243712295276,10000233758.081423
5644039.687589264,0.05335714228024558,23099.165125080217,10000267788.094494
5657639.7832220085,0.05335675598015562,23099.081525422404,10000303988.733786
5671239.878854753,0.053356346903370426,23098.99299597287,10000342324.232775
5684839.974487498,0.05335591545483077,23098.89962425357,10000382756.716528
5698440.070120243,0.053355462061597865,23098.801502570346,10000425246.23926
5712040.165752988,0.05335498717242646,23098.69872792118,10000469750.823957
5725640.261385733,0.05335449125731688,23098.591401899746,10000516226.503994
5739240.357018478,0.053353974807045394,23098.479630594466,10000564627.366728
5752840.452651223,0.0533534383326744,23098.363524483066,10000614905.599016
5766440.548283968,0.05335288236504218,23098.24319832282,10000667011.534616
5780040.643916713,0.0533523074542334,23098.118771036552,10000720893.703407
5793640.739549458,0.053351714169030284,23097.99036559453,10000776498.8824
5807240.835182203,0.05335110309634546,23097.858108892346,10000833772.14848
5820840.930814948,0.053350474840636895,23097.722131624927,10000892656.932816
5834441.026447693,0.05334983002330552,23097.582568156828,10000953095.07691
5848041.122080438,0.053349169282076156,23097.439556388865,10001015026.890202
5861641.217713183,0.053348493270362576,23097.293237621307,10001078391.209173
5875241.313345928,0.053347802656616816,23097.1437564137,10001143125.457935
5888841.408978673,0.05334709812366431,23096.991260441515,10001209165.71016
5902441.504611418,0.05334638036802436,23096.83590034969,10001276446.752377
5916041.600244163,0.053345650099217774,23096.677829603344,10001344902.148516
5929641.695876908,0.053344908039061584,23096.517204335647,10001414464.30565
5943241.7915096525,0.05334415492095179,23096.354183193143,10001485064.540884
5956841.887142397,0.053343391489135146,23096.188927178584,10001556633.149292
5970441.982775142,0.05334261849797027,23096.0215994915,10001629099.472864
5984042.078407887,0.053341836711179105,23095.85236536661,10001702391.970394
5997642.174040632,0.053341046901089324,23095.68139191028,10001776438.28821
6011242.269673377,0.05334024984786883,23095.508847935147,10001851165.3317
6024842.365306122,0.053339446338752344,23095.33490379314,10001926499.337572
6038442.460938867,0.053338637167261775,23095.15973120697,10002002365.946745
6052042.556571612,0.0533378231324205,23094.98350310036,10002078690.27782
6065642.652204357,0.053337005037962536,23094.806393427087,10002155397.001062
6079242.747837102,0.053336183691537566,23094.628576999105,10002232410.412798
6092842.843469847,0.05333535990391229,23094.450229313818,10002309654.51018
6106442.939102592,0.05333453448816915,23094.271526380748,10002387053.066229
6120043.034735337,0.05333370825890305,23094.092644547756,10002464529.705086
6133643.130368082,0.05333288203141721,23093.913760326952,10002542007.977388
6147243.226000827,0.053332056620918354,23093.735050220508,10002619411.43571
6160843.321633572,0.053331232841712574,23093.556690546513,10002696663.71
6174443.417266317,0.053330411506402366,23093.378857265096,10002773688.582897
6188043.512899062,0.05332959342508576,23093.201725804887,10002850410.064922
6201643.608531807,0.05332877940455836,23093.025470890127,10002926752.46939
6215243.704164552,0.05332797024751891,23092.850266368445,10003002640.487038
6228843.7997972965,0.053327166751779065,23092.676285039604,10003077999.260263
6242443.8954300415,0.05332636970947891,23092.503698485296,10003152754.456888
6256043.991062786,0.05332557990630775,23092.332676900183,10003226832.343407
6269644.086695531,0.053324798120731966,23092.163388924364,10003300159.857634
6283244.182328276,0.05332402512323033,23091.996001477408,10003372664.680656
6296844.277961021,0.05332326167553719,23091.83067959412,10003444275.308073
6310444.373593766,0.053322508529895056,23091.66758626222,10003514921.120384
6324044.469226511,0.05332176642831632,23091.50688226205,10003584532.452528
6337644.564859256,0.05332103610185564,23091.348726008513,10003653040.66245
6351244.660492001,0.05332031826989339,23091.193273395384,10003720378.19865
6364844.756124746,0.0533196136394306,23091.040677642104,10003786478.666662
6378444.851757491,0.05331892290439654,23090.891089143286,10003851276.894371
6392044.947390236,0.05331824674496922,23090.744655320974,10003914708.99612
6405645.043022981,0.05331758582690985,23090.60152047991,10003976712.435543
6419245.138655726,0.05331694080091143,23090.46182566587,10004037226.087057
6432845.234288471,0.05331631230196223,23090.325708527223,10004096190.295977
6446445.329921216,0.0533157009487254,23090.19330317987,10004153546.937138
6460045.425553961,0.053315107342934015,23090.064740075664,10004209239.472046
6473645.521186706,0.05331453206880348,23089.940145874476,10004263213.004436
6487245.616819451,0.05331397569246102,23089.819643319956,10004315414.334215
6500845.712452196,0.05331343876139274,23089.703351119235,10004365792.00974
6514445.808084941,0.05331292180390966,23089.59138382653,10004414296.378357
6528045.9037176855,0.05331242532863209,23089.483851730874,10004460879.635172
6541645.99935043,0.05331194982399357,23089.380860748057,10004505495.870014
6555246.094983175,0.053311495757764685,23089.282512316855,10004548101.112514
6568846.19061592,0.053311063576597074,23089.18890329967,10004588653.375278
6582446.286248665,0.05331065370558813,23089.10012588764,10004627112.695122
6596046.38188141,0.053310266547866816,23089.01626751038,10004663441.172298
6609646.477514155,0.053309902484201144,23088.93741075038,10004697603.007698
6623246.5731469,0.0533095618726272,23088.863633262143,10004729564.537998
6636846.668779645,0.05330924504810065,23088.795007696175,10004759294.268696
6650446.76441239,0.053308952322170686,23088.731601627893,10004786762.905018
6664046.860045135,0.05330868398267678,23088.673477491473,10004811943.38067
6677646.95567788,0.053308440293468644,23088.620692518776,10004834810.884394
6691247.051310625,0.05330822149414948,23088.573298683328,10004855342.884312
6704847.14694337,0.05330802779984296,23088.531342649494,10004873519.150038
6718447.242576115,0.05330785940098388,23088.494865726807,10004889321.772524
6732047.33820886,0.05330771646313317,23088.46390382957,10004902735.181618
6745647.433841605,0.053307599126816596,23088.438487441726,10004913746.161364
6759247.52947435,0.053307507507388434,23088.41864158703,10004922343.862938
6772847.625107095,0.05330744169491906,23088.404385804602,10004928519.815311
6786447.72073984,0.053307401754107545,23088.39573412978,10004932267.933548
6800047.816372585,0.053307387724218704,23088.39269508042,10004933584.524778
6813647.9120053295,0.053307399619044925,23088.395271648562,10004932468.291819
6827248.007638074,0.05330743742689269,23088.4034612975,10004928920.33445
6840848.103270819,0.05330750111059418,23088.417255964257,10004922944.148325
6854448.198903564,0.05330759060754306,23088.436642067474,10004914545.62156
6868048.294536309,0.053307705829755574,23088.461600520703,10004903733.028942
6881648.390169054,0.05330784666395613,23088.492106751062,10004890517.023817
6895248.485801799,0.053308012971687205,23088.528130723273,10004874910.627644
6908848.581434544,0.05330820458944418,23088.569636969034,10004856929.217215
6922448.677067289,0.05330842132883423,23088.616584621723,10004836590.509573
6936048.772700034,0.05330866297675954,23088.668927456365,10004813914.544636
6949648.868332779,0.05330892929562466,23088.72661393486,10004788923.665524
6963248.963965524,0.05330922002356752,23088.7895872564,10004761642.496649
6976849.059598269,0.0533095348747142,23088.85778541304,10004732097.919548
6990449.155231014,0.05330987353945722,23088.93114125038,10004700319.046507
7004049.250863759,0.05331023568475667,23089.009582533297,10004666337.191994
7017649.346496504,0.05331062095446463,23089.09303201662,10004630185.841917
7031249.442129249,0.0533110289696716,23089.18140752076,10004591900.620777
7044849.537761994,0.053311459329075855,23089.27462201215,10004551519.256681
7058449.633394739,0.05331191160937392,23089.372583688477,10004509081.544325
7072049.729027484,0.05331238536567334,23089.475196068557,10004464629.305908
7085649.824660229,0.05331288013192598,23089.58235808685,10004418206.350082
7099249.9202929735,0.05331339542138244,23089.693964192436,10004369858.42893
7112850.0159257185,0.053313930727066576,23089.809904452442,10004319633.193037
7126450.111558463,0.053314485522269944,23089.93006465977,10004267580.14469
7140050.207191208,0.05331505926106577,23090.054326444995,10004213750.589249
7153650.302823953,0.05331565137884161,23090.182567392425,10004158197.58475
7167250.398456698,0.05331626129285049,23090.3146611601,10004100975.889772
7180850.494089443,0.05331688840278011,23090.450477603703,10004042141.909634
7194450.589722188,0.053317532091339215,23090.589882904187,10003981753.640947
7208050.685354933,0.05331819172486079,23090.73273969907,10003919870.614624
7221650.780987678,0.05331886665392154,23090.878907217215,10003856553.837347
7235250.876620423,0.053319556213976854,23091.028241416992,10003791865.731596
7248850.972253168,0.05332025972601121,23091.18059512767,10003725870.074247
7262451.067885913,0.05332097649720243,23091.335818193926,10003658631.933868
7276051.163518658,0.05332170582160009,23091.493757623324,10003590217.6067
7289651.259151403,0.05332244698081702,23091.654257736613,10003520694.551441
7303251.354784148,0.05332319924473312,23091.81716032068,10003450131.322865
7316851.450416893,0.05332396187221108,23091.98230478406,10003378597.504354
7330451.546049638,0.05332473411182332,23092.14952831482,10003306163.639412
7344051.641682383,0.05332551520258908,23092.318666040654,10003232901.162207
7357651.737315128,0.053326304374721384,23092.489551191044,10003158882.327244
7371251.832947873,0.053327100850382884,23092.662015261347,10003084180.138205
7384851.9285806175,0.05332790384445011,23092.835888178623,10003008868.276035
7398452.0242133625,0.05332871256528501,23093.01099846906,10002933021.026365
7412052.119846107,0.05332952621551332,23093.18717342681,10002856713.206306
7425652.215478852,0.05333034399280916,23093.364239284074,10002780020.090717
7439252.311111597,0.05333116509068432,23093.542021382327,10002703017.338013
7452852.406744342,0.05333198869928269,23093.720344344427,10002625780.915564
7466452.502377087,0.05333281400617781,23093.899032247475,10002548387.024796
7480052.598009832,0.053333640197173494,23094.07790879629,10002470912.026037
7493652.693642577,0.053334466457106926,23094.25679749728,10002393432.363182
7507252.789275322,0.05333529197065245,23094.435521832584,10002316024.488287
7520852.884908067,0.053336115923126315,23094.613905434224,10002238764.786118
7534452.980540812,0.053336937501291204,23094.79177225824,10002161729.498758
7548053.076173557,0.05333775589415935,23094.968946758483,10002084994.650358
7561653.171806302,0.05333857029379414,23095.14525406002,10002008635.97206
7575253.267439047,0.05333937989610888,23095.320520131867,10001932728.827215
7588853.363071792,0.053340183901662376,23095.494571959007,10001857348.136948
7602453.458704537,0.0533409815164498,23095.66723771337,10001782568.306145
7616053.554337282,0.053341771952688966,23095.83834692374,10001708463.149935
7629653.649970027,0.05334255442960074,23096.007730644367,10001635105.820738
7643253.745602772,0.05334332817418255,23096.175221622078,10001562568.73597
7656853.841235517,0.05334409242197499,23096.34065446179,10001490923.506437
7670453.936868262,0.053344846417819815,23096.503865790226,10001420240.865545
7684054.0325010065,0.053345589416609385,23096.664694417632,10001350590.599335
7697654.128133751,0.05334632068402625,23096.822981497437,10001282041.477467
7711254.223766496,0.05334703949727256,23096.978570683576,10001214661.185175
7724854.319399241,0.05334774514578784,23097.131308285403,10001148516.25632
7738454.415031986,0.05334843693195568,23097.281043420015,10001083672.00752
7752054.510664731,0.05334911417179683,23097.427628161793,10001020192.473528
7765654.606297476,0.053349776195650164,23097.570917689096,10000958140.343817
7779254.701930221,0.05335042234883851,23097.710770427875,10000897576.90054
7792854.797562966,0.05335105199232058,23097.847048192096,10000838561.95783
7806454.893195711,0.05335166450332742,23097.979616320874,10000781153.80257
7820054.988828456,0.05335225927598258,23098.108343812073,10000725409.136656
7833655.084461201,0.05335283572190598,23098.23310345237,10000671383.02083
7847255.180093946,0.05335339327080046,23098.353771943537,10000619128.820122
7860855.275726691,0.053353931371020374,23098.470230024857,10000568698.150978
7874455.371359436,0.05335444949012196,23098.582362591616,10000520140.8301
7888055.466992181,0.05335494711539446,23098.690058809392,10000473504.825071
7901655.562624926,0.05335542375437198,23098.793212224216,10000428836.206812
7915255.658257671,0.05335587893532508,23098.89172086833,10000386179.1039
7928855.753890416,0.05335631220773181,23098.985487361537,10000345575.658825
7942455.849523161,0.053356723142727894,23099.074419007997,10000307065.986187
7956055.945155906,0.05335711133353505,23099.15842788839,10000270688.13293
7969656.0407886505,0.05335747639586753,23099.237430947323,10000236478.040607
7983256.1364213955,0.05335781796831642,23099.31135007594,10000204469.509712
7996856.23205414,0.05335813571271075,23099.380112189585,10000174694.166174
8010456.327686885,0.05335842931445579,23099.443649300523,10000147181.429972
8024056.42331963,0.05335869848284771,23099.50189858556,10000121958.485945
8037656.518952375,0.053358942951364285,23099.554802448543,10000099050.256828
8051256.61458512,0.05335916247793173,23099.602308577672,10000078479.378515
8064856.710217865,0.05335935684516671,23099.64436999756,10000060266.177603
8078456.80585061,0.053359525860594025,23099.68094511598,10000044428.651217
8092056.901483355,0.05335966935683929,23099.711997765233,10000030982.44915
8105656.9971161,0.053359787191796335,23099.737497238188,10000019940.85834
8119257.092748845,0.05335987924876964,23099.757418318823,10000011314.789665
8132857.18838159,0.05335994543659092,23099.771741307315,10000005112.76714
8146457.284014335,0.05335998568971077,23099.78045203967,10000001340.919426
8160057.37964708,0.05335999996826386,23099.783541901812,10000000002.973776
8173657.475279825,0.053359988258109226,23099.78100783815,10000001100.252316
8187257.57091257,0.05335995057084422,23099.772852354643,10000004631.670738
8200857.666545315,0.05335988694379299,23099.759083516277,10000010593.73938
8214457.76217806,0.05335979743996898,23099.739714939064,10000018980.56669
8228057.857810805,0.05335968214801206,23099.714765776465,10000029783.865065
8241657.95344355,0.05335954118209948,23099.684260700342,10000042992.95909
8255258.0490762945,0.05335937468183193,23099.64822987638,10000058594.796114
8268858.1447090395,0.05335918281209347,23099.60670893409,10000076573.959225
8282458.240341784,0.053358965762886505,23099.559738931315,10000096912.682545
8296058.335974529,0.05335872374914192,23099.507366313395,10000119590.868845
8309658.431607274,0.05335845701050359,23099.449642866937,10000144586.109512
8323258.527240019,0.053358165811088834,23099.386625668274,10000171873.706768
8336858.622872764,0.05335785043922406,23099.318377026688,10000201426.698183
8350458.718505509,0.05335751120715626,23099.244964422396,10000233215.88343
8364058.814138254,0.053357148450741056,23099.166460439457,10000267209.85324
8377658.909770999,0.05335676252910621,23099.08294269353,10000303375.020586
8391259.005403744,0.05335635382429327,23098.99449375472,10000341675.653975
8404859.101036489,0.05335592274087511,23098.90120106543,10000382073.912905
8418459.196669234,0.05335546970555195,23098.803156853435,10000424529.885391
8432059.292301979,0.05335499516672482,23098.700458040188,10000469001.627546
8445659.387934724,0.053354499594047755,23098.593206144473,10000515445.205172
8459259.483567469,0.05335398347795867,23098.481507181506,10000563814.73732
8472859.579200214,0.05335344732918993,23098.36547155759,10000614062.441772
8486459.674832959,0.05335289167825835,23098.245213960414,10000666138.682417
8500059.770465704,0.05335231707493587,23098.12085324514,10000719992.01844
8513659.866098449,0.05335172408770129,23097.99251231633,10000775569.255306
8527259.961731194,0.05335111330317328,23097.86031800593,10000832815.497465
8540860.057363939,0.05335048532552562,23097.72440094732,10000891674.202751
8554460.152996683,0.05334984077588506,23097.58489544568,10000952087.23839
8568060.248629428,0.05334918029171272,23097.44193934468,10001013994.938578
8581660.344262173,0.05334850452616908,23097.29567388971,10001077336.16358
8595260.439894918,0.053347814147463896,23097.146243587784,10001142048.360268
8608860.535527663,0.05334710983819119,23096.993796064213,10001208067.624054
8622460.631160408,0.05334639229465036,23096.838481916242,10001275328.76215
8636060.726793153,0.053345662226153716,23096.680454563742,10001343765.358093
8649660.822425898,0.05334492035432144,23096.519870097185,10001413309.83748
8663260.918058643,0.05334416741236473,23096.35688712298,10001483893.534819
8676861.013691388,0.053343404144357516,23096.191666606348,10001555446.761463
8690461.109324133,0.053342631304497935,23096.024371711945,10001627898.87454
8704061.204956878,0.05334184965635976,23095.855167642276,10001701178.34682
8717661.300589623,0.05334105997213517,23095.68422147421,10001775212.837437
8731261.396222368,0.05334026303186905,23095.511701993633,10001849929.263403
8744861.491855113,0.05333945962268607,23095.33777952848,10001925253.871851
8758461.587487858,0.05333865053801095,23095.16262578024,10002001112.312918
8772061.683120603,0.053337836576782746,23094.98641365425,10002077429.713217
8785661.778753348,0.05333701854266437,23094.8093170887,10002154130.749792
8799261.874386093,0.05333619724324749,23094.631510882806,10002231139.724524
8812861.970018838,0.05333537348925392,23094.453170524084,10002308380.638887
8826462.065651583,0.05333454809373436,23094.274472015026,10002385777.268991
8840062.161284328,0.05333372187126547,23094.095591699337,10002463253.240812
8853662.256917072,0.0533328956371453,23093.916706087824,10002540732.105585
8867262.352549817,0.053332070206588596,23093.737991684233,10002618137.415249
8880862.448182562,0.05333124639392281,23093.559624811103,10002695392.797861
8894462.543815307,0.053330425011785025,23093.381781435855,10002772422.032942
8908062.639448052,0.053329606870321004,23093.204636997292,10002849149.126644
8921662.735080797,0.0533287927763872,23093.02836623264,10002925498.386692
8935262.830713542,0.05332798353275618,23092.853143005366,10003001394.497005
8948862.926346287,0.05332717993732661,23092.679140133874,10003076762.591938
8962463.021979032,0.05332638278233825,23092.506529221293,10003151528.330063
8976063.117611777,0.05332559285359289,23092.33548048649,10003225617.967428
8989663.213244522,0.05332481092968221,23092.16616259653,10003298958.430199
9003263.308877267,0.05332403778122263,23091.998742500655,10003371477.386642
9016863.404510012,0.05332327417009869,23091.833385266036,10003443103.318367
9030463.500142757,0.05332252084871519,23091.67025391542,10003513765.59073
9044063.595775502,0.053321778559258994,23091.50950926679,10003583394.522392
9057663.691408247,0.05332104803297118,23091.351309775295,10003651921.45389
9071263.787040992,0.05332032998943004,23091.195811377478,10003719278.815226
9084863.882673737,0.053319625135846246,23091.043167338066,10003785400.192337
9098463.978306482,0.05331893416636987,23090.893528099394,10003850220.392454
9112064.073939227,0.053318257761411005,23090.74704113367,10003913675.50821
9125664.169571972,0.05331759658697351,23090.603850798136,10003975702.980516
9139264.265204716,0.05331695129400385,23090.46409819338,10004036241.66006
9152864.360837461,0.05331632251775413,23090.327921024844,10004095231.867443
9166464.456470206,0.05331571087716124,23090.195453467684,10004152615.451843
9180064.552102951,0.05331511697424203,23090.066826035167,10004208335.848173
9193664.647735696,0.053314541393505104,23089.942165450633,10004262338.132675
9207264.743368441,0.053313984701380185,23089.821594523244,10004314569.076885
9220864.839001186,0.05331344744566481,23089.70523202756,10004364977.19995
9234464.934633931,0.05331293015499015,23089.593192587137,10004413512.819172
9248065.030266676,0.05331243333830484,23089.48558656215,10004460128.098845
9261665.125899421,0.05331195748437891,23089.382519941286,10004504777.097214
9275265.221532166,0.0533115030613271,23089.284094237883,10004547415.811596
9288865.317164911,0.05331107051615249,23089.190406390506,10004588002.221598
9302465.412797656,0.053310660274310924,23089.101548667983,10004626496.330366
9316065.5084304,0.05331027273929653,23089.01760857908,10004662860.203856
9329665.604063146,0.05330990829224868,23088.938668786792,10004697058.008066
9343265.69969589,0.053309567291580796,23088.86480702743,10004729056.04422
9356865.795328636,0.053309250072631466,23088.79609603452,10004758822.78183
9370465.89096138,0.05330895694733798,23088.73260346762,10004786328.889647
9384065.986594126,0.05330868820393272,23088.674391846118,10004811547.264446
9397666.08222687,0.05330844410666261,23088.621518488024,10004834453.057627
9411266.177859616,0.053308224895532316,23088.57403545392,10004855023.699574
9424866.27349236,0.05330803078607043,23088.531989496,10004873238.921824
9438466.369125105,0.053307861969120095,23088.495422012358,10004889080.776937
9452066.46475785,0.05330771861065324,23088.464369006462,10004902533.656115
9465666.560390595,0.05330760085160932,23088.43886105196,10004913584.304497
9479266.65602334,0.05330750880775815,23088.418923262776,10004922221.83418
9492866.751656085,0.05330744256958736,23088.404575268534,10004928437.734898
9506466.84728883,0.0533074022022146,23088.395831195372,10004932225.882345
9520066.942921575,0.05330738774532404,23088.392699652108,10004933582.544214
9533667.03855432,0.05330739921312772,23088.395183721845,10004932506.38385
9547267.134187065,0.053307436594352026,23088.40328095894,10004928998.461544
9560867.22981981,0.05330749985224845,23088.416983391402,10004923062.23351
9574467.325452555,0.05330758892462937,23088.436277528683,10004914703.548487
9588067.4210853,0.05330770372392842,23088.461144374884,10004903930.64201
9601667.516718045,0.05330784413728579,23088.491559447313,10004890754.12832
9615267.61235079,0.0533080100266577,23088.52749280045,10004875186.989971
9628867.707983535,0.053308201228950906,23088.56890905523,10004857244.56507
9642467.80361628,0.05330841755618118,23088.615767433643,10004836944.532242
9656067.899249025,0.05330865879565606,23088.66802179862,10004814306.893293
9669667.99488177,0.053308924710181796,23088.725620699195,10004789353.953579
9683268.090514515,0.05330921503829404,23088.788507420806,10004762110.30012
9696868.18614726,0.05330952949451229,23088.856620040817,10004732602.77748
9710468.281780005,0.053309867769617526,23088.929891489082,10004700860.461426
9724068.37741275,0.05331022953095339,23089.008249613602,10004666914.630388
9737668.473045494,0.05331061442274978,23089.091617251146,10004630798.734774
9751268.56867824,0.05331102206646927,23089.179912302767,10004592548.364126
9764868.664310984,0.05331145206117582,23089.273047814175,10004552201.2122
9778468.75994373,0.05331190398392517,23089.370932060898,10004509797.039955
9792068.855576474,0.05331237739017696,23089.47346863807,10004465377.636524
9805668.95120922,0.05331287181422798,23089.580556554876,10004418986.778177
9819269.046841964,0.05331338676966602,23089.69209033346,10004370670.185345
9832869.14247471,0.05331392174984419,23089.807960112277,10004320475.47771
9846469.238107454,0.05331447622837495,23089.928051753723,10004268452.12745
9860069.333740199,0.053315049659643864,23090.05224695602,10004214651.410625
9873669.429372944,0.05331564147934179,23090.18042336917,10004159126.356821
9887269.525005689,0.05331625110501604,23090.312454714887,10004101931.697031
9900869.620638434,0.05331687793663893,23090.448210910472,10004043123.80989
9914469.716271179,0.05331752135719399,23090.587558196352,10003982760.666264
9928069.811903924,0.05331818073327902,23090.73035926734,10003920901.772253
9941669.907536669,0.053318855415725126,23090.876473407334,10003857608.110718
9955270.003169414,0.05331954474023167,23091.025756627434,10003792942.0813
9968870.098802159,0.05332024802801606,23091.178061807295,10003726967.439081
9982470.194434904,0.053320964586478135,23091.333238839572,10003659749.23186
9996070.290067649,0.05332169370987814,23091.49113477736,10003591353.736181
10009670.385700393,0.053322434680028064,23091.651593984425,10003521848.392132
10023270.481333138,0.05332318676699537,23091.814458288143,10003451301.736969
10036870.576965883,0.0533239492298184,23091.979567134964,10003379783.337687
10050470.672598628,0.053324721317233086,23092.14675774823,10003307363.72253
10064070.768231373,0.05332550226840999,23092.315865288263,10003234114.311567
10077670.863864118,0.053326291313701146,23092.486723014496,10003160107.346361
10091270.959496863,0.05332708767539562,23092.65916244951,10003085415.818834
10104871.055129608,0.05332789056848372,23092.833013544852,10003010113.399364
10118471.150762353,0.053328699201428444,23093.00810484842,10002934274.364208
10132071.246395098,0.053329512776943686,23093.18426367328,10002857973.522322
10145671.342027843,0.05333033049277871,23093.36131626775,10002781286.14162
10159271.437660588,0.053331151542507504,23093.539087986588,10002704287.874805
10172871.533293333,0.05333197511632293,23093.71740346308,10002627054.684767
10186471.628926078,0.053332800401834406,23093.89608678192,10002549662.769678
10200071.724558823,0.05333362658486845,23094.07496165265,10002472188.487862
10213671.820191568,0.05333445285027159,23094.25385158354,10002394708.282448
10227271.915824313,0.05333527838271434,23094.43258005571,10002317298.605968
10240872.011457058,0.053336102367495905,23094.610970697307,10002240035.844908
10254472.107089803,0.05333692399134855,23094.788847457625,10002162996.244314
10268072.202722548,0.053337742443241055,23094.966034780915,10002086255.83253
10281672.298355293,0.05333855691517998,23095.14235777977,10002009890.346132
10295272.393988037,0.05333936660300888,23095.317642407925,10001933975.155136
10308872.489620782,0.053340170707203476,23095.491715632226,10001858585.188553
10322472.585253527,0.05334096843366304,23095.66440560368,10001783794.86037
10336072.680886272,0.05334175899449658,23095.835541827342,10001709677.996023
10349672.776519017,0.05334254160880332,23096.004955330987,10001636307.759434
10363272.872151762,0.05334331550344637,23096.172478832206,10001563756.580708
10376872.967784507,0.05334407991381934,23096.33794690399,10001492096.08452
10390473.063417252,0.05334483408460477,23096.50119613842,10001421397.01929
10404073.159049997,0.053345577270523394,23096.662065308494,10001351729.187233
10417673.254682742,0.05334630873707409,23096.82039552775,10001283161.375301
10431273.350315487,0.05334702776126337,23096.976030407677,10001215761.287144
10444873.445948232,0.053347733632323584,23097.12881621265,10001149595.476112
10458473.541580977,0.053348425652419186,23097.278602012288,10001084729.279415
10472073.637213722,0.05334910313734098,23097.425239831067,10001021226.753428
10485673.732846467,0.05334976541718638,23097.568584795048,10000959150.610298
10499273.828479212,0.05335041183702617,23097.70849527552,10000898562.155851
10512873.924111957,0.05335104175755627,23097.844833029543,10000839521.228891
10526474.019744702,0.05335165455573455,23097.977463337054,10000782086.141928
10540074.115377447,0.05335224962540143,23098.106255134597,10000726313.623425
10553674.211010192,0.053352826377883814,23098.231081145397,10000672258.761604
10567274.306642937,0.05335338424258198,23098.351818005725,10000619974.949865
10580874.402275681,0.053353922667538564,23098.4683463874,10000569513.833874
10594474.497908426,0.05335444111998912,23098.580551116298,10000520925.260384
10608074.593541171,0.05335493908689364,23098.68832128676,10000474257.227829
10621674.689173916,0.05335541607544871,23098.791550371785,10000429555.838749
10635274.784806661,0.05335587161357944,23098.890136328882,10000386865.254074
10648874.880439406,0.0533563052504109,23098.98398170149,10000346227.649351
10662474.976072151,0.05335671655671841,23099.072993715843,10000307683.17292
10676075.071704896,0.05335710512535651,23099.157084373222,10000271269.906097
10689675.167337641,0.05335747057166591,23099.23617053743,10000237023.8254
10703275.262970386,0.053357812533857726,23099.310174017482,10000204978.766878
10716875.358603131,0.05335813067337545,23099.379021645364,10000175166.392538
10730475.454235876,0.05335842467523339,23099.44264534882,10000147616.15894
10744075.549868621,0.05335869424833175,23099.50098221905,10000122355.287964
10757675.645501366,0.05335893912574773,23099.553974573333,10000099408.739817
10771275.74113411,0.05335915906500276,23099.60157001238,10000078799.18825
10784875.836766856,0.05335935384830501,23099.643721472505,10000060546.998068
10798475.9323996,0.053359523282767315,23099.68038727245,10000044670.204924
10812076.028032346,0.053359667200600376,23099.71153115487,10000031184.49741
10825676.12366509,0.0533597854592806,23099.737122322418,10000020103.201494
10839276.219297836,0.053359877941692814,23099.75713546839,10000011437.267296
10852876.31493058,0.05335994455624759,23099.771550801932,10000005195.258211
10866476.410563326,0.053359985236972676,23099.780354067723,10000001383.342428
10880076.50619607,0.05335999994357941,23099.783536560186,10000000005.286787
10893676.601828815,0.05335998866150291,23099.781095132133,10000001062.453045
10907276.69746156,0.05335995140191651,23099.773032197903,10000004553.796541
10920876.793094305,0.0533598882017208,23099.75935573097,10000010475.86721
10934476.88872705,0.05335979912350656,23099.740079255997,10000018822.813025
10948076.984359795,0.05335968425549209,23099.71522183537,10000029586.385792
10961677.07999254,0.05335954371143496,23099.684808050224,10000042755.949345
10975277.175625285,0.05335937763051793,23099.64886797599,10000058318.490107
10988877.27125803,0.05335918617720997,23099.607437152434,10000076258.629984
11002477.366890775,0.05335896954110121,23099.56055654831,10000096558.641657
11016077.46252352,0.053358727936713556,23099.508272520565,10000119198.466145
11029677.558156265,0.05335846160328563,23099.45063676822,10000144155.732735
11043277.65378901,0.053358170804533755,23099.38770628092,10000171405.781164
11056877.749421755,0.05335785582838774,23099.31954328223,10000200921.6861
11070477.8450545,0.053357516986703137,23099.246215167732,10000232674.283846
11084077.940687245,0.0533571546149491,23099.167794437973,10000266632.201283
11097678.03631999,0.05335676907187317,23099.084358626347,10000302761.88698
11111278.131952735,0.053356360739142246,23098.995990221985,10000341027.644499
11124878.22758548,0.05335593002096139,23098.902776587736,10000381391.667776
11138478.323218225,0.05335547734366966,23098.804809873272,10000423814.078634
11152078.41885097,0.05335500315531419,23098.702186923496,10000468252.966328
11165678.514483714,0.05335450792520269,23098.595009182263,10000514664.429092
11179278.61011646,0.05335399214343469,23098.48338259157,10000563002.617683
11192878.705749204,0.05335345632041221,23098.367417486264,10000613219.780828
11206478.80138195,0.05335290098633042,23098.247228484415,10000665266.31256
11220078.897014694,0.0533523266906485,23098.12293437348,10000719090.80138
11233678.99264744,0.053351734001541695,23097.9946579923,10000774640.081219
11247279.088280184,0.05335112350533443,23097.862526109133,10000831859.284117
11260879.18391293,0.053350495805916213,23097.72666929579,10000890691.894577
11274479.279545674,0.0533498515241395,23097.58722179802,10000951079.805567
11288079.375178419,0.053349191297201434,23097.444321402312,10001012963.376059
11301679.470811164,0.053348515778009115,23097.298109299147,10001076281.490112
11315279.566443909,0.053347825634529715,23097.148729942957,10001140971.617384
11328879.662076654,0.053347121549125825,23096.996330908878,10001206969.875038
11342479.757709399,0.05334640421787662,23096.84106274639,10001274211.090988
11356079.853342144,0.0533456743498857,23096.683078830094,10001342628.8684
11369679.948974889,0.05334493266657632,23096.52253520772,10001412155.651405
11383280.044607634,0.053344179900974634,23096.359590445496,10001482722.791935
11396880.140240379,0.05334341679698155,23096.194405471077,10001554260.617643
11410480.235873124,0.0533426441086345,23096.027143414183,10001626698.500813
11424080.331505869,0.05334186259935892,23095.857969445075,10001699964.92821
11437680.427138614,0.05334107304121113,23095.687050611083,10001773987.571796
11451280.522771358,0.053340276214113025,23095.514555671285,10001848693.360222
11464880.618404103,0.05333947290507885,23095.340654929576,10001924008.55107
11478480.714036848,0.053338663907435954,23095.1655200662,10001999858.803715
11492080.809669593,0.05333785002003898,23094.989323968028,10002076169.252792
11505680.905302338,0.053337032046479375,23094.812240557636,10002152864.582157
11519281.000935083,0.053336210794290594,23094.634444621457,10002229869.09926
11532881.096567828,0.05333538707414934,23094.45611163706,10002307106.809921
11546481.192200573,0.05333456169907451,23094.277417599882,10002384501.49335
11560081.287833318,0.053333735483624085,23094.09853884939,10002461976.777386
11573681.383466063,0.053332909243090754,23093.91965189507,10002539456.213886
11587281.479098808,0.0533320837926972,23093.740933242185,10002616863.354164
11600881.574731553,0.05333125994679196,23093.56255921767,10002694121.824415
11614481.670364298,0.053330438518046495,23093.384705796205,10002771155.40105
11628081.765997043,0.05332962031665404,23093.2075484267,10002847888.085888
11641681.861629788,0.05332880614953167,23093.031261859338,10002924244.181076
11655281.957262533,0.0533279968195257,23092.856019973373,10003000148.363733
11668882.052895278,0.053327193124621364,23092.6819956058,10003075525.7602
11682482.148528023,0.053326395857158,23092.509360381137,10003150302.019815
11696082.244160768,0.053325605803049805,23092.338284542428,10003224403.388193
11709682.339793513,0.05332482374101335,23092.16893678363,10003297756.779877
11723282.435426258,0.05332405044180261,23092.001484083634,10003370289.850332
11736882.531059003,0.05332328666745205,23091.836091541925,10003441931.067194
11750482.626691747,0.05332253317052863,23091.672922216236,10003512609.780699
11764082.722324492,0.05332179069339345,23091.512136962156,10003582256.293243
11777682.817957237,0.053321059967473716,23091.353894275017,10003650801.927982
11791282.913589982,0.05332034171254568,23091.198350134102,10003718179.096426
11804883.009222727,0.053319636636029254,23091.045657849376,10003784321.364944
11818483.104855472,0.053318945432295275,23090.89596791088,10003849163.520123
11832083.200488217,0.05331826878198553,23090.74942784092,10003912641.632912
11845683.296120962,0.05331760735134663,23090.60618204921,10003974693.121506
11859283.391753707,0.05331696179157812,23090.466371691113,10004035256.812883
11872883.487386452,0.0533163327381958,23090.330134529097,10004094273.00295
11886483.583019197,0.05331572081041026,23090.197604797555,10004151683.515238
11900083.678651942,0.05331512661052187,23090.068913071114,10004207431.758081
11913683.774284687,0.05331455072333231,23089.94418613657,10004261462.780247
11927283.869917432,0.053313993715573556,23089.82354686854,10004313723.32492
11940883.965550177,0.0533134561353546,23089.70711410901,10004364161.882036
11954484.061182922,0.0533129385116264,23089.595002550817,10004412728.738888
11968084.156815667,0.05331244135366602,23089.487322625268,10004459376.02895
11981684.252448412,0.05331196515057976,23089.384180393907,10004504057.7789
11995284.348081157,0.053311510370826355,23089.285677444608,10004546729.95376
12008884.443713902,0.05331107746176019,23089.191910792084,10004587350.500145
12022484.539346647,0.05331066684919552,23089.10297278282,10004625879.387543
12036084.634979391,0.05331027893699149,23089.01895100471,10004662278.64762
12049684.730612136,0.05330991410665872,23088.93992820123,10004696512.411495
12063284.826244881,0.05330957271698794,23088.865982190484,10004728546.944942
12076884.921877626,0.05330925510370053,23088.79718578899,10004758350.681501
12090485.017510371,0.05330896157912172,23088.733606740443,10004785894.25346
12104085.113143116,0.05330869243187672,23088.675307649413,10004811150.52067
12117685.208775861,0.053308447926609846,23088.622345920056,10004834094.597178
12131285.304408606,0.05330822830372692,23088.574773699984,10004854703.87565
12144885.400041351,0.05330803377916149,23088.532637829223,10004872958.049551
12158485.495674096,0.05330786454416498,23088.495979794392,10004888839.133055
12172085.591306841,0.05330772076512031,23088.464835688137,10004902331.47871
12185685.686939586,0.05330760258338048,23088.439236173806,10004913421.792772
12199285.78257233,0.05330751011513086,23088.419206455463,10004922099.148256
12212885.878205076,0.0533074434512764,23088.40476625325,10004928354.995647
12226485.97383782,0.05330740265735322,23088.39592978408,10004932183.17129
12240086.069470566,0.05330738777346472,23088.39270574775,10004933579.903439
12253686.16510331,0.053307398814242866,23088.395097318415,10004932543.815952
12267286.260736056,0.05330743576883374,23088.403102141507,10004929075.929646
12280886.3563688,0.05330749860090833,23088.416712336017,10004923179.661282
12294486.452001546,0.053307587248697545,23088.435914502214,10004914860.820234
12308086.54763429,0.05330770162505249,23088.460689734744,10004904127.60278
12321686.643267035,0.053307841617529154,23088.491013641124,10004890990.584053
12335286.73889978,0.05330800708849767,23088.526856365595,10004875462.707687
12348886.834532525,0.053308197875276145,23088.56818261833,10004857559.273108
12362486.93016527,0.05330841379028896,23088.61495170994,10004837297.920519
12376087.025798015,0.053308654621249056,23088.667117591296,10004814698.61361
12389687.12143076,0.05330892013136443,23088.72462889856,10004789783.619965
12403287.217063505,0.053309210059568665,23088.78742900345,10004762577.489202
12416887.31269625,0.05330952412077454,23088.855456068628,10004733107.028912
12430487.408328995,0.05330986200615181,23088.928643108233,10004701401.278328
12444087.50396174,0.05331022338342755,23089.006918053426,10004667491.479845
12457687.599594485,0.05331060789720966,23089.090203822914,10004631411.048347
12471287.69522723,0.053311015169332863,23089.178418398416,10004593195.538422
12484887.790859975,0.05331144479922695,23089.271474904956,10004552882.609453
12498487.88649272,0.053311896364306895,23089.369281695912,10004510511.988663
12512087.982125465,0.05331236942038473,23089.471742442776,10004466125.432095
12525688.07775821,0.053312863502102126,23089.57875622947,10004419766.683636
12539288.173390955,0.053313378123384284,23089.690217651245,10004371481.432043
12552888.2690237,0.05331391277791363,23089.80601691789,10004321317.266094
12566488.364656445,0.0533144669396237,23089.92603996136,10004269323.627836
12580088.46028919,0.05331504006321256,23090.050168547536,10004215551.764017
12593688.555921935,0.0533156315846746,23090.178280392134,10004160054.675755
12607288.65155468,0.053316240921851374,23090.310249280596,10004102887.066452
12620888.747187424,0.053316867475000064,23090.445945191863,10004044105.288044
12634488.84282017,0.05331751062737923,23090.585234425886,10003983767.28562
12648088.938452914,0.05331816974585156,23090.727979734787,10003921932.54047
12661689.03408566,0.05331884418150283,23090.874040457547,10003858662.011604
12675289.129718404,0.053319533270276366,23091.023272658047,10003794018.075827
12688889.22535115,0.05332023633362285,23091.17552926636,10003728064.466387
12702489.320983894,0.05332095267916423,23091.330660223153,10003660866.21031
12716089.41661664,0.053321681601371664,23091.488512627093,10003592489.564425
12729689.512249384,0.053322422382256526,23091.64893088501,10003523001.950182
12743289.607882129,0.05332317429207399,23091.811756864812,10003452471.887312
12756889.703514874,0.053323936590038215,23091.97683005089,10003380968.926395
12770489.799147619,0.053324708525048836,23092.143987701926,10003308563.580408
12784089.894780364,0.05332548933642807,23092.313065010912,10003235327.25529
12797689.990413109,0.05332627825466699,23092.48389526727,10003161332.17965
12811290.086045854,0.05332707450218143,23092.65631002085,10003086651.333626
12824890.181678599,0.05332787729407563,23092.83013924773,10003011358.37701
12838490.277311344,0.05332868583891378,23093.005211517564,10002935527.576672
12852090.372944089,0.05332949933949829,23093.18135416239,10002859233.733377
12865690.468576834,0.05333031699365367,23093.358393446673,10002782552.108095
12879290.564209579,0.053331137995016334,23093.5361547385,10002705558.347784
12892890.659842324,0.053331961533828354,23093.714462681648,10002628328.410831
12906490.755475068,0.05333278679773525,23093.893141368437,10002550938.492146
12920090.851107813,0.05333361297258641,23094.072014513185,10002473464.948017
12933690.946740558,0.053334439243238004,23094.25090562607,10002395984.22079
12947291.042373303,0.0533352647943569,23094.429638187245,10002318572.763456
12960891.138006048,0.053336088811225445,23094.608035821027,10002241306.964195
12974491.233638793,0.05333691048054585,23094.785922470004,10002164263.070993
12988091.329271538,0.05333772899124341,23094.96312256887,10002087517.116379
13001691.424904283,0.05333854353526826,23095.13946121782,10002011144.842339
13015291.520537028,0.05333935330839426,23095.314764355324,10001935221.625528
13028891.616169773,0.05334015751101446,23095.488858930155,10001859822.402824
13042491.711802518,0.053340955348932365,23095.661573072426,10001785021.597296
13056091.807435263,0.05334174603414839,23095.832736263535,10001710893.044664
13069691.903068008,0.05334252878564027,23096.002179504798,10001637509.92034
13083291.998700753,0.05334330283013704,23096.169735484636,10001564944.667095
13096892.094333498,0.05334406740288559,23096.335238744134,10001493268.923449
13110492.189966243,0.053344821748409314,23096.498525840812,10001422553.45283
13124092.285598988,0.05334556512125767,23096.659435510435,10001352868.073591
13137692.381231733,0.05334629678674607,23096.81780882671,10001284281.589966
13151292.476864478,0.053347016021685484,23096.97348935871,10001216861.723999
13164892.572497223,0.05334772211510113,23097.12632332587,10001150675.048527
13178492.668129968,0.053348414368938904,23097.276159750378,10001085786.921312
13192092.763762712,0.05334909209875952,23097.422850606843,10001022261.42035
13205692.859395457,0.05334975463441929,23097.566250969056,10000960161.280437
13219292.955028202,0.05335040132073699,23097.70621915371,10000899547.831062
13232893.050660947,0.053351031518146,23097.84261686097,10000840480.935677
13246493.146293692,0.05335164460333129,23097.97530931165,10000783018.932402
13260093.241926437,0.05335223996985011,23098.104165380988,10000727218.576262
13273693.337559182,0.053352817028736586,23098.229057728808,10000673134.982939
13287293.433191927,0.05335337520908868,23098.34986292592,10000620821.574183
13300893.528824672,0.05335391395863734,23098.466461576692,10000570330.024872
13314493.624457417,0.053354432744297596,23098.57873843763,10000521710.211798
13328093.720090162,0.05335493105270043,23098.686582531867,10000475010.164228
13341693.815722907,0.05335540839070496,23098.7898872594,10000430276.01631
13355293.911355652,0.053355864285891,23098.888550503034,10000387551.961317
13368894.006988397,0.05335629828703062,23098.982474729866,10000346880.207848
13382494.102621142,0.053356709964539034,23099.071567088235,10000308300.93796
13396094.198253887,0.05335709891090371,23099.155739500035,10000271852.267332
13409694.293886632,0.05335746474109182,23099.2349087483,10000237570.207443
13423294.389519377,0.05335780709293468,23099.308996559932,10000205488.629889
13436894.485152122,0.05335812562749035,23099.37792968358,10000175639.23274
13450494.580784867,0.053358420029382174,23099.441639962468,10000148051.509132
13464094.676417612,0.05335869000711451,23099.50006440224,10000122752.717983
13477694.772050356,0.05335893529336408,23099.5531452336,10000099767.85696
13491294.867683101,0.05335915564524757,23099.600829969786,10000079119.637669
13504894.963315846,0.0533593508445647,23099.64307145884,10000060828.463116
13518495.058948591,0.05335952069801647,23099.67982793048,10000044912.40747
13532095.154581336,0.05335966503739865,23099.711063037703,10000031387.198124
13545695.250214081,0.05335978371977028,23099.736745892966,10000020266.200075
13559295.345846826,0.05335987662759663,23099.7568510989,10000011560.402672
13572895.441479571,0.053359943668866865,23099.771358773618,10000005278.408709
13586495.537112316,0.05335998477718628,23099.780254570487,10000001426.425879
